position,af2_mapped,af2_ref_aa,af2_struct_aa,af2_struct_seq_id,af2_plddt,af2_plddt_window_mean_5,af2_plddt_window_min_5,af2_neighbor_count_8A,af2_neighbor_count_12A,af2_mean_neighbor_distance_8A,af2_min_neighbor_distance,af2_is_buried_proxy,af2_is_exposed_proxy,af2_is_low_confidence,af2_is_high_confidence
1,1,M,M,1,53.84,58.28,53.84,4,9,5.703462575131294,3.892505693584529,0,1,1,0
2,1,A,A,2,58.0,61.7575,53.84,5,9,5.190672205378169,3.8693593329430644,0,1,1,0
3,1,N,N,3,63.0,64.33,53.84,6,9,5.112553964065574,3.860974771602888,0,1,1,0
4,1,L,L,4,72.19,68.474,58.0,7,12,5.210972302026546,3.847578522705547,0,0,0,0
5,1,G,G,5,74.62,72.424,63.0,8,15,5.3982686817326595,3.8376586617460706,0,0,0,0
6,1,C,C,6,74.56,75.862,72.19,8,12,5.263774127658,3.8376586617460706,0,0,0,0
7,1,W,W,7,77.75,76.386,74.56,8,13,5.2045697842712855,3.847923425339547,0,0,0,0
8,1,M,M,8,80.19,77.412,74.56,8,17,5.153638870227977,3.847923425339547,0,0,0,0
9,1,L,L,9,74.81,78.462,74.81,8,16,5.137174996788403,3.851130741217997,0,0,0,0
10,1,V,V,10,79.75,78.612,74.81,8,14,5.140275618952929,3.84975025049904,0,0,0,0
11,1,L,L,11,79.81,78.212,74.81,8,14,5.135952649318693,3.832210949158665,0,0,0,0
12,1,F,F,12,78.5,78.2,74.75,8,17,5.1305125296215,3.832210949158665,0,0,0,0
13,1,V,V,13,78.19,77.012,73.81,8,14,5.17681238609609,3.8547475004644323,0,0,0,0
14,1,A,A,14,74.75,73.84400000000001,63.97,8,13,5.190614154727925,3.8565642403410734,0,0,0,0
15,1,T,T,15,73.81,70.538,61.97,8,13,5.308164452625938,3.8506248118303867,0,0,0,0
16,1,W,W,16,63.97,66.088,55.94,8,15,5.246357933501221,3.8506248118303867,0,0,1,0
17,1,S,S,17,61.97,62.3,55.81,8,12,5.457947354784048,3.8532985167960327,0,0,1,0
18,1,D,D,18,55.94,57.976,52.19,7,12,5.290113904134692,3.864006342566164,0,0,1,0
19,1,L,L,19,55.81,54.525999999999996,46.72,7,11,5.334905193617635,3.8680102921258133,0,0,1,0
20,1,G,G,20,52.19,51.532,46.72,6,11,5.294543099555653,3.8876663059157726,0,1,1,0
21,1,L,L,21,46.72,48.9,42.78,6,10,5.576059552035428,3.8722564936167765,0,1,1,0
22,1,C,C,22,47.0,46.232,42.47,5,10,5.292801712097578,3.8545788929589375,0,1,1,0
23,1,K,K,23,42.78,45.0,42.47,4,8,5.123926837819195,3.803853220525835,0,1,1,0
24,1,K,K,24,42.47,44.588,42.47,4,7,5.072604472379644,3.803853220525835,0,1,1,0
25,1,R,R,25,46.03,44.632,42.47,4,8,5.243775993809044,3.810913040547703,0,1,1,0
26,1,P,P,26,44.66,45.926,42.47,5,8,5.657593832867521,3.810913040547703,0,1,1,0
27,1,K,K,27,47.22,45.226,38.97,4,6,5.022956241923941,3.8271598191011966,0,1,1,0
28,1,P,P,28,49.25,43.132,35.56,4,6,5.2334447154902906,3.817362734964249,0,1,1,0
29,1,G,G,29,38.97,41.724000000000004,35.56,5,8,5.67228947941835,3.7932794992811494,0,1,1,0
30,1,G,G,30,35.56,39.468,35.56,4,7,5.242503683955741,3.7932794992811494,0,1,1,0
31,1,W,W,31,37.62,38.206,35.56,4,6,5.214162187442777,3.803454540862542,0,1,1,0
32,1,N,N,32,35.94,38.218,35.56,4,6,5.131189531650609,3.815354686502034,0,1,1,0
33,1,T,T,33,42.94,38.482,35.94,4,7,5.162069945831104,3.3158721165548224,0,1,1,0
34,1,G,G,34,39.03,39.275999999999996,35.94,4,6,5.2000351270047425,3.3158721165548224,0,1,1,0
35,1,G,G,35,36.88,40.438,36.88,4,6,5.406538685602274,3.691760427297392,0,1,1,0
36,1,S,S,36,41.59,39.844,36.88,4,6,5.340954999250171,3.5855998458557523,0,1,1,0
37,1,R,R,37,41.75,40.87,36.88,4,6,5.392627792705581,3.5855998458557523,0,1,1,0
38,1,Y,Y,38,39.97,41.67,39.97,4,6,5.249275987927091,3.2240527282715465,0,1,1,0
39,1,P,P,39,44.16,41.096,38.72,4,6,5.131641040890401,3.2240527282715465,0,1,1,0
40,1,G,G,40,40.88,40.152,37.03,4,6,5.362862728914195,3.832433617225567,0,1,1,0
41,1,Q,Q,41,38.72,40.452,37.03,4,6,5.2994750010501965,3.832433617225567,0,1,1,0
42,1,G,G,42,37.03,40.558,37.03,4,6,5.357633493194275,3.8640030626297457,0,1,1,0
43,1,S,S,43,41.47,40.282,37.03,4,6,5.4975539642649025,3.868939691867537,0,1,1,0
44,1,P,P,44,44.69,40.0,37.03,4,6,5.502903592172146,3.8235609605622614,0,1,1,0
45,1,G,G,45,39.5,39.5,34.53,4,6,5.502954698903668,3.734784322156969,0,1,1,0
46,1,G,G,46,37.31,38.794,34.53,4,6,5.449491372037976,3.734784322156969,0,1,1,0
47,1,N,N,47,34.53,37.506,34.53,4,6,5.457751584491067,3.758245565419216,0,1,1,0
48,1,R,R,48,37.94,40.756,34.53,4,6,5.30857886224633,3.758245565419216,0,1,1,0
49,1,Y,Y,49,38.25,42.932,34.53,4,6,5.276621805927318,3.440241758254853,0,1,1,0
50,1,P,P,50,55.75,44.744,37.94,4,6,5.1806425993612235,3.3826920358424566,0,1,1,0
51,1,P,P,51,48.19,44.356,36.0,4,6,5.384890567485933,3.3826920358424566,0,1,1,0
52,1,Q,Q,52,43.59,44.05,36.0,4,6,5.4297844122020225,3.843277984932278,0,1,1,0
53,1,G,G,53,36.0,40.718,36.0,4,6,5.42423549206735,3.2181047424974425,0,1,1,0
54,1,G,G,62,37.06,38.946,31.23,4,6,5.284062056901272,3.1636700755990077,0,1,1,0
55,1,G,G,63,38.94,37.227999999999994,31.23,4,6,5.210738684716495,3.1636700755990077,0,1,1,0
56,1,G,G,64,31.23,37.263999999999996,31.23,4,6,5.181876748644556,3.7809668450588596,0,1,1,0
57,1,W,W,65,38.25,39.007999999999996,31.23,4,6,5.1912145574591495,3.174010807435012,0,1,1,0
58,1,G,G,66,40.84,40.708,31.23,4,6,5.0871882940702084,3.174010807435012,0,1,1,0
59,1,Q,Q,67,45.78,42.18,38.25,4,6,5.434894603862332,3.8570373175619004,0,1,1,0
60,1,P,P,68,47.44,41.68,35.75,4,6,5.537957084183639,3.8612621676449206,0,1,1,0
61,1,H,H,69,38.59,41.362,35.75,4,6,5.446497548974612,3.8612621676449206,0,1,1,0
62,1,G,G,70,35.75,38.184000000000005,29.89,4,6,5.235426253877188,3.2718928260905185,0,1,1,0
63,1,G,G,71,39.25,36.577999999999996,29.89,4,6,5.012585924258101,3.2718928260905185,0,1,1,0
64,1,G,G,72,29.89,36.398,29.89,4,6,5.018415716814534,3.337536454616261,0,1,1,0
65,1,W,W,73,39.41,37.242,29.89,4,6,5.153337133333856,3.3166503456253578,0,1,1,0
66,1,G,G,74,37.69,39.48,29.89,4,6,5.053141128379283,3.3166503456253578,0,1,1,0
67,1,Q,Q,75,39.97,40.558,35.28,4,6,5.196031457180308,3.6226449792362025,0,1,1,0
68,1,P,P,76,50.44,38.794,30.59,4,6,5.252299209634155,3.6226449792362025,0,1,1,0
69,1,H,H,77,35.28,39.006,30.59,4,6,5.3168197783697,3.7123292538511796,0,1,1,0
70,1,G,G,78,30.59,37.058,30.23,4,7,5.238167106507456,3.7123292538511796,0,1,1,0
71,1,G,G,79,38.75,33.142,30.23,4,6,5.428111242965064,3.8249936737599106,0,1,1,0
72,1,G,G,80,30.23,33.998000000000005,30.23,4,6,5.090757154565626,3.7734271486896467,0,1,1,0
73,1,W,W,81,30.86,36.08,30.23,4,6,5.1988812966298354,3.7734271486896467,0,1,1,0
74,1,G,G,82,39.56,37.962,30.23,4,7,5.201231585867582,3.8412913568472247,0,1,1,0
75,1,Q,Q,83,41.0,39.022000000000006,30.86,4,7,5.017716539997566,3.6764571065342477,0,1,1,0
76,1,P,P,84,48.16,40.018,35.53,4,6,5.2849104454877045,3.6764571065342477,0,1,1,0
77,1,H,H,85,35.53,38.724000000000004,33.09,4,6,5.097639578109193,3.793057097148338,0,1,1,0
78,1,G,G,86,35.84,36.986000000000004,32.31,4,6,5.40923894451305,3.8197468854221976,0,1,1,0
79,1,G,G,87,33.09,33.61,31.28,4,7,5.35750649142948,3.7383620058974762,0,1,1,0
80,1,G,G,88,32.31,34.048,31.28,4,6,5.469741172727836,3.7383620058974762,0,1,1,0
81,1,W,W,89,31.28,33.736000000000004,31.28,4,6,5.4737086677010796,3.781850363956199,0,1,1,0
82,1,G,G,90,37.72,33.606,31.28,4,6,5.487313198811404,3.795991342749763,0,1,1,0
83,1,Q,Q,91,34.28,32.898,28.77,4,6,5.4217318211268495,3.837628237247615,0,1,1,0
84,1,G,G,92,32.44,32.71,28.77,4,6,5.246679403843799,3.177230189569414,0,1,1,0
85,1,G,G,93,28.77,31.542,28.77,4,7,5.304500393058839,3.177230189569414,0,1,1,0
86,1,G,G,94,30.34,31.248,28.77,4,6,5.393410490400483,3.750781338076565,0,1,1,0
87,1,T,T,95,31.88,32.154,28.77,4,7,5.389104048393046,3.750781338076565,0,1,1,0
88,1,H,H,96,32.81,32.994,30.34,4,7,5.31057224186876,3.829269267240684,0,1,1,0
89,1,S,S,97,36.97,35.094,31.88,4,8,4.9293386480365635,3.7303427499336665,0,1,1,0
90,1,Q,Q,98,32.97,37.35,32.81,4,9,5.07315504655538,3.7303427499336665,0,1,1,0
91,1,W,W,99,40.84,39.92,32.97,4,11,4.934966368263933,3.7981380059132865,0,1,1,0
92,1,N,N,100,43.16,43.37,32.97,4,10,5.135562927615841,3.7981380059132865,0,1,1,0
93,1,K,K,101,45.66,46.763999999999996,40.84,4,13,5.143288717983523,3.8368525326735465,0,1,1,0
94,1,P,P,102,54.22,48.501999999999995,43.16,4,15,5.106718343365227,3.8280466615076225,0,1,1,0
95,1,S,S,103,49.94,49.902,45.66,5,11,5.648319559020537,3.8280466615076225,0,1,1,0
96,1,K,K,104,49.53,49.038,41.34,4,13,4.946100486252863,3.8526999092871987,0,1,1,0
97,1,P,P,105,50.16,47.718,41.34,4,16,4.978588250220186,3.840461196007792,0,1,1,0
98,1,K,K,106,41.34,46.636,41.34,5,10,5.591328551080985,3.7944784706295307,0,1,1,0
99,1,T,T,107,47.62,46.118,41.34,5,8,5.292930417695332,3.7944784706295307,0,1,1,0
100,1,N,N,108,44.53,44.268,40.91,4,7,5.150966740975292,3.861113758079721,0,1,1,0
101,1,M,M,109,46.94,45.832,40.91,4,8,4.712230968951258,3.8238187757090625,0,1,1,0
102,1,K,K,110,40.91,45.046,40.91,5,11,5.507141931179713,3.7803274342061277,0,1,1,0
103,1,H,H,111,49.16,45.028,40.91,4,9,4.78197046826728,3.7803274342061277,0,1,1,0
104,1,M,M,112,43.69,42.672,35.16,4,8,4.846165290436948,3.802389064525444,0,1,1,0
105,1,A,A,113,44.44,42.94,35.16,4,13,4.744413140416695,3.802389064525444,0,1,1,0
106,1,G,G,114,35.16,40.564,35.16,4,11,4.871717246729998,3.8043191926195146,0,1,1,0
107,1,A,A,115,42.25,40.114,35.16,5,15,5.346909099499919,3.75408286936552,0,1,1,0
108,1,A,A,116,37.28,39.308,35.16,4,12,4.811648775955412,3.75408286936552,0,1,1,0
109,1,A,A,117,41.44,40.844,37.28,4,16,4.673254687451869,3.833472372572958,0,1,1,0
110,1,A,A,118,40.41,41.912,37.28,8,14,6.204608018513105,3.811110654970457,0,0,1,0
111,1,G,G,119,42.84,44.524,40.41,8,22,5.4933103392318605,3.78486728067028,0,0,1,0
112,1,A,A,120,47.59,47.160000000000004,40.41,6,22,5.162892163571212,3.78486728067028,0,1,1,0
113,1,V,V,121,50.34,48.646,42.84,10,18,6.118079725854765,3.7981209988315614,0,0,1,0
114,1,V,V,122,54.62,52.666,47.59,9,20,5.922707317014099,3.7981209988315614,0,0,1,0
115,1,G,G,123,47.84,55.854,47.84,5,12,5.378705252486712,3.80398731939371,0,1,1,0
116,1,G,G,124,62.94,59.486000000000004,47.84,4,11,4.929666252499847,3.838823976394869,0,1,1,0
117,1,L,L,125,63.53,64.412,47.84,7,17,5.607240626541085,3.8318261762628083,0,0,1,0
118,1,G,G,126,68.5,71.63199999999999,62.94,7,14,6.060427271635533,3.8318261762628083,0,0,1,0
119,1,G,G,127,79.25,76.06800000000001,63.53,6,19,5.699612391678414,3.8506189869012832,0,1,0,0
120,1,Y,Y,128,83.94,80.45,68.5,11,25,5.750279766075193,3.810910241998185,0,0,0,0
121,1,V,M,129,85.12,83.638,79.25,12,27,5.729746432874708,3.7982129800870927,0,0,0,0
122,1,L,L,130,85.44,84.326,82.69,13,30,5.993340521433938,3.7982129800870927,0,0,0,0
123,1,G,G,131,84.44,84.562,82.69,11,33,5.993142930274641,3.795428723014928,0,0,0,0
124,1,S,S,132,82.69,84.338,82.69,8,28,6.186238394059446,3.795428723014928,0,0,0,0
125,1,A,A,133,85.12,84.05,82.69,7,23,5.581558575991937,3.81075997074423,0,0,0,0
126,1,M,M,134,84.0,83.962,82.69,7,22,5.560842103227833,3.7901932223724693,0,0,0,0
127,1,S,S,135,84.0,84.412,84.0,5,20,5.4894550351767055,3.7901932223724693,0,1,0,0
128,1,R,R,136,84.0,84.388,84.0,8,28,6.084951523180305,3.82174144944983,0,0,0,0
129,1,P,P,137,84.94,84.55,84.0,7,29,5.774280634487664,3.8278581568827836,0,0,0,0
130,1,I,I,138,85.0,85.226,84.0,4,22,5.211772748537902,3.8278581568827836,0,1,0,0
131,1,I,I,139,84.81,85.426,84.81,7,26,5.937164064927826,3.7968398748217194,0,0,0,0
132,1,H,H,140,87.38,85.5,84.81,6,18,5.584756511765884,3.7968398748217194,0,1,0,0
133,1,F,F,141,85.0,85.95,84.81,6,21,5.2495083585732685,3.8317684312945834,0,1,0,0
134,1,G,G,142,85.31,86.764,85.0,6,10,5.82836041706246,3.8506195994724153,0,1,0,0
135,1,S,S,143,87.25,87.064,85.0,7,11,5.368367930191591,3.8495704126514982,0,0,0,0
136,1,D,D,144,88.88,87.764,85.31,6,12,5.2367540014723835,3.8391605045345893,0,1,0,0
137,1,Y,Y,145,88.88,88.364,87.25,6,13,4.942291766682156,3.8391605045345893,0,1,0,0
138,1,E,E,146,88.5,88.964,88.31,9,21,5.388661759795543,3.8557020263428394,0,0,0,0
139,1,D,D,147,88.31,89.05,88.31,12,19,5.686100390901437,3.8557020263428394,0,0,0,0
140,1,R,R,148,90.25,89.124,88.31,8,17,5.154082836860855,3.8187699886398176,0,0,0,1
141,1,Y,Y,149,89.31,89.186,88.31,8,23,5.121721451223152,3.8187699886398176,0,0,0,0
142,1,Y,Y,150,89.25,89.44800000000001,88.81,9,29,5.250389682076264,3.834799058574166,0,0,0,0
143,1,R,R,151,88.81,89.122,88.62,7,22,5.104480375972538,3.837822097211555,0,0,0,0
144,1,E,E,152,89.62,88.736,87.38,7,15,5.4330480165389465,3.837822097211555,0,0,0,0
145,1,N,N,153,88.62,88.174,86.44,8,21,5.384796940642672,3.864202212486281,0,0,0,0
146,1,M,M,154,87.38,87.65,86.19,8,25,5.343528007613745,3.8402420953331937,0,0,0,0
147,1,H,H,155,86.44,87.25,86.19,6,16,5.692390903515421,3.8402420953331937,0,1,0,0
148,1,R,R,156,86.19,87.002,86.19,5,28,5.121507240506993,3.8367115806386223,0,1,0,0
149,1,Y,Y,157,87.62,87.376,86.19,7,35,5.530205131250022,3.8367115806386223,0,0,0,0
150,1,P,P,158,87.38,87.988,86.19,10,39,6.521984644622245,3.841561531726068,0,0,0,0
151,1,N,N,159,89.25,89.05,87.38,8,27,5.637357646511574,3.8474217404073903,0,0,0,0
152,1,Q,Q,160,89.5,89.538,87.38,10,35,5.744959315126375,3.8174787991527745,0,0,0,0
153,1,V,V,161,91.5,89.9,89.19,16,44,6.474517787571066,3.785112352079933,1,0,0,1
154,1,Y,Y,162,90.06,89.488,87.19,12,40,5.809275111023687,3.785112352079933,0,0,0,1
155,1,Y,Y,163,89.19,88.112,82.62,13,44,6.210590248389152,3.8198048569375302,0,0,0,0
156,1,R,R,164,87.19,84.636,74.12,10,33,6.077959824338627,3.8302672084762968,0,0,0,0
157,1,P,P,165,82.62,82.212,74.12,9,27,6.385968624476742,3.8302672084762968,0,0,0,0
158,1,M,M,166,74.12,80.312,74.12,9,28,6.154127933642884,3.841208522902656,0,0,0,0
159,1,D,D,167,77.94,79.298,74.12,5,17,5.340388372334702,3.841208522902656,0,1,0,0
160,1,E,E,168,79.69,78.786,74.12,6,14,5.549322855546838,3.8487202076446883,0,1,0,0
161,1,Y,Y,169,82.12,80.712,77.94,9,18,5.828574406622173,3.8454020928287473,0,0,0,0
162,1,S,S,170,80.06,82.186,79.69,6,14,6.180671085018692,3.8385459459682516,0,1,0,0
163,1,N,N,171,83.75,84.148,80.06,6,20,5.195636542069453,3.826990954497852,0,1,0,0
164,1,Q,Q,172,85.31,85.8,80.06,8,29,5.824758953708832,3.826990954497852,0,0,0,0
165,1,N,N,173,89.5,87.9,83.75,6,17,4.952722155905957,3.847196575817892,0,1,0,0
166,1,N,N,174,90.38,89.588,85.31,9,22,5.505861847995127,3.8315510170024285,0,0,0,1
167,1,F,F,175,90.56,90.976,89.5,14,33,6.152925261795189,3.8315510170024285,1,0,0,1
168,1,V,V,176,92.19,91.452,90.38,12,33,5.566307597717735,3.8359637325230014,0,0,0,1
169,1,H,H,177,92.25,91.814,90.56,9,27,5.422453960538296,3.8359637325230014,0,0,0,1
170,1,D,D,178,91.88,92.364,91.88,9,29,5.403168184737898,3.846811957066821,0,0,0,1
171,1,C,C,179,92.19,92.226,91.5,15,39,5.8877960327214485,3.846811957066821,1,0,0,1
172,1,V,V,180,93.31,91.764,89.94,14,36,5.856030144666286,3.8393129143311744,1,0,0,1
173,1,N,N,181,91.5,91.512,89.94,8,24,5.239967820891904,3.835915925975549,0,0,0,1
174,1,I,I,182,89.94,91.05,89.88,10,33,5.616713900557047,3.835915925975549,0,0,0,0
175,1,T,T,183,90.62,90.064,88.38,12,38,5.648942610382396,3.834784057819123,0,0,0,1
176,1,I,I,184,89.88,89.002,86.19,12,35,5.977898624028746,3.834784057819123,0,0,0,0
177,1,K,K,185,88.38,88.152,85.69,8,23,5.188483467694902,3.814157106651408,0,0,0,0
178,1,Q,Q,186,86.19,86.966,84.69,8,26,5.135078840887956,3.802490644940791,0,0,0,0
179,1,H,H,187,85.69,85.702,83.56,9,30,5.313438340524746,3.802490644940791,0,0,0,0
180,1,T,T,188,84.69,84.35,81.62,9,27,5.382504562654728,3.8591149812041574,0,0,0,0
181,1,V,V,189,83.56,83.15,80.19,8,16,5.208612156768038,3.8554733172079483,0,0,0,0
182,1,T,T,190,81.62,82.024,80.06,8,18,5.286175909170634,3.8554733172079483,0,0,0,0
183,1,T,T,191,80.19,80.562,77.38,10,17,5.410874608139127,3.852034174338753,0,0,0,0
184,1,T,T,192,80.06,79.388,77.38,9,16,5.1031833558110415,3.8515299521001087,0,0,0,0
185,1,T,T,193,77.38,78.588,77.38,7,12,5.36618087446304,3.8515299521001087,0,0,0,0
186,1,K,K,194,77.69,78.012,77.31,6,12,5.065842788942683,3.8589014027023643,0,1,0,0
187,1,G,G,195,77.62,78.2,77.31,6,10,5.202324090224182,3.8411588678741317,0,1,0,0
188,1,E,E,196,77.31,78.924,77.31,7,15,5.409289149783466,3.816335661384319,0,0,0,0
189,1,N,N,197,81.0,80.336,77.31,6,17,5.68117762886028,3.816335661384319,0,1,0,0
190,1,F,F,198,81.0,81.75,77.31,8,24,6.068168288263948,3.7984606251636164,0,0,0,0
191,1,T,T,199,84.75,83.526,81.0,6,15,5.165030029409494,3.7984606251636164,0,1,0,0
192,1,E,E,200,84.69,84.85,81.0,6,11,5.208848640786203,3.838579539087373,0,1,0,0
193,1,T,T,201,86.19,86.126,84.69,7,19,5.356384515417341,3.848608863417891,0,0,0,0
194,1,D,D,202,87.62,86.964,84.69,8,28,5.06722804623097,3.848608863417891,0,0,0,0
195,1,V,V,203,87.38,87.688,86.19,10,27,5.592932446082922,3.8531124546710447,0,0,0,0
196,1,K,K,204,88.94,88.326,87.38,8,21,5.278024475447454,3.839823830808974,0,0,0,0
197,1,M,M,205,88.31,88.99,87.38,9,34,5.412406450189941,3.839823830808974,0,0,0,0
198,1,M,M,206,89.38,89.55199999999999,88.31,11,40,5.647642921309934,3.844387448678972,0,0,0,0
199,1,E,E,207,90.94,89.94,88.31,10,32,5.523371638175043,3.8432408005435628,0,0,0,1
200,1,R,R,208,90.19,90.77799999999999,89.38,9,31,5.572027194395776,3.8350306151688773,0,0,0,1
201,1,V,V,209,90.88,91.28999999999999,90.19,11,38,5.662341566889832,3.833977248157162,0,0,0,1
202,1,V,V,210,92.5,91.24,90.19,14,43,6.022748342606037,3.833977248157162,1,0,0,1
203,1,E,E,211,91.94,91.226,90.12,12,37,5.719935738094986,3.8524726268696945,0,0,0,1
204,1,Q,Q,212,90.69,91.362,90.12,9,30,5.423222284057393,3.8447516572306775,0,0,0,1
205,1,M,M,213,90.12,90.962,90.12,13,36,5.996620452462262,3.8447516572306775,0,0,0,1
206,1,C,C,214,91.56,90.586,90.06,14,43,5.803781142948131,3.8615587447178847,1,0,0,1
207,1,I,I,215,90.5,90.086,88.19,9,30,5.302757786963445,3.849278153984425,0,0,0,1
208,1,T,T,216,90.06,89.662,88.0,8,29,5.192130759464277,3.841830539854354,0,0,0,1
209,1,Q,Q,217,88.19,88.826,87.38,10,35,5.602341751151114,3.841830539854354,0,0,0,0
210,1,Y,Y,218,88.0,87.776,85.25,12,38,5.961779196760701,3.837971927296284,0,0,0,0
211,1,E,E,219,87.38,86.14,81.88,8,24,5.1965552125236805,3.837971927296284,0,0,0,0
212,1,R,R,220,85.25,84.69,80.94,8,27,5.2212998860373245,3.835887034125262,0,0,0,0
213,1,E,E,221,81.88,83.428,80.94,10,28,5.653466725560055,3.8343918190754365,0,0,0,0
214,1,S,S,222,80.94,81.976,80.12,9,27,5.3258702010612895,3.8343918190754365,0,0,0,0
215,1,Q,Q,223,81.69,80.114,75.94,8,23,5.110136185274472,3.845096274405514,0,0,0,0
216,1,A,A,224,80.12,78.126,71.94,8,22,5.136167658235456,3.852457019376042,0,0,0,0
217,1,Y,Y,225,75.94,76.25,71.56,8,17,5.123192801350271,3.8588285272826357,0,0,0,0
218,1,Y,Y,226,71.94,73.112,66.0,8,21,5.125100135949292,3.848215756749889,0,0,0,0
219,1,Q,Q,227,71.56,69.27000000000001,60.91,8,16,5.0313077953451755,3.848215756749889,0,0,0,0
220,1,R,R,228,66.0,65.13199999999999,55.25,8,15,5.154184055516883,3.8381645930140773,0,0,1,0
221,1,G,G,229,60.91,60.84400000000001,50.5,8,15,5.222577816953154,3.8381645930140773,0,0,1,0
222,1,S,S,230,55.25,56.15,48.09,8,14,5.1550166603878464,3.850170126434006,0,0,1,0
223,1,S,S,231,50.5,53.318000000000005,48.09,8,15,5.212231677848906,3.837155840647721,0,0,1,0
224,1,M,M,232,48.09,51.629999999999995,48.09,8,15,5.151370072383807,3.837155840647721,0,0,1,0
225,1,V,V,233,51.84,51.13,48.09,8,15,5.177199888575798,3.855081254718351,0,0,1,0
226,1,L,L,234,52.47,52.053999999999995,48.09,8,17,5.478589793679594,3.855081254718351,0,0,1,0
227,1,F,F,235,52.75,54.279999999999994,51.84,8,17,5.62622548349132,3.865455297114677,0,0,1,0
228,1,S,S,236,55.12,56.25599999999999,52.47,8,14,5.804021153510259,3.8466002676106004,0,0,1,0
229,1,S,S,237,59.22,59.886,52.75,8,15,5.384331623958005,3.8466002676106004,0,0,1,0
230,1,P,P,238,61.72,63.236000000000004,55.12,6,14,5.231702625440565,3.880340786075553,0,1,1,0
231,1,P,P,239,70.62,66.712,59.22,6,13,4.99989157793677,3.8677867043878686,0,1,0,0
232,1,V,V,240,69.5,70.04400000000001,61.72,10,16,5.680671071592102,3.827635880524505,0,0,1,0
233,1,I,I,241,72.5,73.75,69.5,10,18,5.638967252357863,3.827635880524505,0,0,0,0
234,1,L,L,242,75.88,75.714,69.5,8,16,5.132055514378807,3.856048311313016,0,0,0,0
235,1,L,L,243,80.25,77.664,72.5,8,15,5.121407478469273,3.8509182539084397,0,0,0,0
236,1,I,I,244,80.44,79.988,75.88,8,16,5.181089677479681,3.8457178471421805,0,0,0,0
237,1,S,S,245,79.25,81.962,79.25,8,19,5.149372546193963,3.8457178471421805,0,0,0,0
238,1,F,F,246,84.12,82.988,79.25,8,14,5.12737343920803,3.856065007712464,0,0,0,0
239,1,L,L,247,85.75,83.438,79.25,8,13,5.185880846538339,3.8505579875200273,0,0,0,0
240,1,I,I,248,85.38,84.35,82.69,8,14,5.196838209196215,3.8505579875200273,0,0,0,0
241,1,F,F,249,82.69,84.264,82.69,8,14,5.135811217816956,3.850676969921536,0,0,0,0
242,1,L,L,250,83.81,83.352,81.19,7,10,5.119841263653584,3.8613816473592646,0,0,0,0
243,1,I,I,251,83.69,79.626,66.75,6,9,5.150207579265815,3.8613816473592646,0,1,0,0
244,1,V,V,252,81.19,78.86,66.75,5,11,5.026809011200192,3.861499479482463,0,1,0,0
245,1,G,G,253,66.75,77.21,66.75,4,12,5.218438876369755,3.87197368799001,0,1,1,0
