position,A,C,D,E,F,G,H,I,K,L,M,N,P,Q,R,S,T,V,W,Y
1,0.5165784466865084,0.551673062817461,0.5732557640234923,0.4429506915928566,-0.032191396913380944,0.6223063991869839,0.4162133493803172,0.4105597419198413,-0.3251720794400001,0.3879892376341268,,0.4876642724236508,0.608038902926905,0.4042214102592536,-0.48381202097190495,0.57732080195127,0.5456463414371434,0.5203383946419528,-0.22742039078047602,-0.15551686245372198
2,,0.22927475670285707,0.0833542222316666,0.027422801229111105,0.09969724726833333,0.36466431671468214,0.443604906757857,0.21630632981999992,0.11241617866515875,0.17309947362761907,0.06325543715699855,0.13690441917714302,0.31829814907023785,0.039530872442062055,0.11753667011777781,0.28529263290071416,0.17525207264247458,0.2422076718466667,-0.06367761358799998,0.0729356614602699
3,0.3986384937965459,0.7455075506370397,-0.5179011348174746,-0.1708352306505871,0.14639426491373814,0.08963899830857142,0.5824485704526637,0.5538861409904446,0.6098798767497806,0.3667799636725047,0.17579049299294305,,0.31708109694568093,0.16919261573731514,0.5626814392561745,0.014275311201938092,0.1298277688161588,0.6576745225833482,0.38822892660153796,0.2518101528515273
4,0.4138628499323809,0.7070489952847033,0.4985705855772218,0.1133728415569047,0.012590598409206363,0.7201907748612116,0.43279780156118997,0.19363016099238084,0.180294079464508,,-0.09308361733952378,0.49874703494634887,0.14377481618317456,0.09123109174347613,0.21321613819174615,0.5943674794639686,0.5292703666531747,0.42842074893515836,-0.3017398566907937,0.04782122373906349
5,-0.4267004825384417,-0.2929696544468688,-0.2674043965384561,-0.6779237678771419,-1.4878907904460328,,-0.5172393588044439,-1.2889820211168255,-1.048737127541271,-1.3414955494041272,-1.4804066705922245,-0.28303688895607493,-0.6585765212263781,-0.8561991499163489,-1.147197722524604,-0.3699668886174601,-0.3666106100868684,-0.46176983103920605,-1.6617098397690468,-1.5191256522420649
6,-0.49186679514247644,,-0.45072417037073015,-0.6072059928395834,-0.9224661304489266,0.04477004766523804,-0.46741016422904347,-0.6227762092009529,-0.6057998255709965,-0.7121909229666666,-0.8951642964610481,-0.4366926694992063,-0.6318507761658729,-0.7552620478793297,-0.5991067712519481,-0.5007780393923812,-0.5157088579042859,-0.3479320912015557,-1.0513441379109527,-0.8968413729350228
7,1.5388330513657158,1.5076749060286518,1.9376852250591263,1.5572800914852543,1.0968444215387307,1.6893002195228584,1.296548267710715,1.4902934796568406,1.339456579288507,1.4048553808601596,1.1369251603865083,1.9316586932258721,2.0675681738052374,1.4485567036993656,1.5497773690852537,1.6158842457250806,1.4089411526564295,1.5356404951092217,,0.8166626761998418
8,1.5646915098314294,1.7768293333825387,1.8923986561444455,1.2984159859415862,0.7357482329552378,2.243744425046032,1.428823881250634,0.6672527022360889,1.0712043758636822,0.643368461517518,,1.4980019150139683,2.7664598150872997,1.0833010736301578,1.180857988926666,1.7654319673222216,1.6362472601963938,1.140741513379962,0.40343457259555543,0.789071721207316
9,0.9979472306590474,1.4562026747314303,1.3491424873458735,0.8334198396854763,0.17514101233174637,1.8390848865863478,1.1619405737780946,0.26968848525407946,0.5480130018497619,,-0.08254489289015873,0.9460337342198424,2.9836462258659475,0.7886680701342849,0.6393952202402223,1.301774389284763,1.338186407580953,1.0123588784619042,-0.0446419627173016,0.28952813737841254
10,0.8607078606765081,1.0750480039711912,0.9013685015711915,0.5793744909564289,0.2057596366647331,1.7911242833723808,0.7912100236269053,0.29253145173584366,0.4347225047217457,0.23743439929941557,0.14631464510722228,0.791697435444286,2.0170568395961896,0.7032221449795237,0.4794155489285714,1.143415335412858,0.8970067981933341,,-0.07180998487793638,0.2793941537750791
11,1.178434888458572,1.574898463538254,1.697994356888572,0.936222735122857,0.12445138187674624,2.1397637198182533,0.9100215838157143,0.22366306917169812,0.5000452443225397,,-0.04629460709801589,1.2390541598674603,3.207304419701668,0.7292687770690475,0.5425133946702384,1.5229807227946826,1.4405661142825401,0.8494519982314286,0.058300446096428565,0.2546711905642063
12,1.8184889075984152,2.2787876700746015,2.4710006328396816,1.7095288782531752,,2.51425798813492,1.5497076772081764,0.4643916632387777,0.9600898079925406,0.2651518562786982,0.2892686544250477,2.380242520526982,4.203110905555562,1.7081386031465702,1.1590489178314296,2.2983105610777756,2.1338532321904764,1.5793560106424251,0.16882477135746038,0.23949786288496816
13,0.23798667051841266,0.34602301879222214,0.31511829771225114,-0.21818624315557855,-0.8428483275429005,0.923494033417303,-0.02337202414851512,-0.840397582381709,-0.5053080701344373,-0.8712497007769467,-0.8193970932409521,-0.14877735102235778,2.4400856722672986,-0.22500404604864224,-0.5217881028944369,0.22559723804626983,0.0038758435053246705,,-0.836426746070001,-0.5914347868444589
14,,0.9296978072360323,0.5940797959466512,0.016396297474587287,-0.7679097713468257,0.8008738027926035,-0.06601403454769848,-0.6005753462719043,-0.5282960005328574,-0.6778046222099994,-0.8203227667151086,0.15223145014517467,1.8924342468826991,-0.00736355988293653,-0.4771384730795243,0.7165301259114449,0.5698540861564296,0.1536308151484633,-0.953379753515954,-0.7082560211519056
15,0.27788771454249195,0.5391292667874606,0.6279272339400009,0.12959903241379353,-0.46858199924445854,1.1433493672579211,-0.0397871864897619,-0.2569315186708002,-0.46042277895969846,-0.4278848235461971,-0.4916910661985552,0.1198207275264633,2.0637850178225388,-0.47135665939761895,-0.31274804764652364,0.3083340281251591,,0.2310351816345781,-0.5058050591204759,-0.4018392949775014
16,1.3556985216868265,1.193695489839365,1.6845390743642854,1.4695993646576202,1.2437215230694456,1.2248065839228583,1.098768817480159,1.3600578491857294,1.2090335555331895,1.2438789103560324,1.9347420994268267,1.4474272028366666,2.0282070985211123,1.4036729147831764,1.7102836099142873,1.4371282844519062,1.1602717138515877,1.3851742450943012,,0.9015032730590478
17,0.06839397751646822,0.025487863987000033,-0.02139614097758729,-0.4782824056414605,-0.6270450701122063,0.23927817482443964,-0.42346947184312705,-0.3070933069208889,-0.5131473037578409,-0.4781638461234918,-0.5551330742169839,-0.13271932984146426,0.06675352353500005,-0.46024276233925404,-0.5089814084718883,,-0.0730801702891499,-0.017915068428650795,-0.6154207509913922,-0.5818111201463174
18,-0.5492422348107933,-0.6813258787506346,,-0.6059823321123584,-1.1833056926111105,-0.32770054785179353,-0.9776366884494766,-1.0822652494571436,-1.3339361438790485,-1.1693153861047625,-1.3915176785630587,-0.45838732345516664,-0.1257151225533812,-1.0444271811707713,-1.274737994854127,-0.6118904149453074,-0.7453585089484446,-0.7277381702793492,-1.1467411982516302,-1.1388946068121066
19,0.553221520160794,0.5874878550615872,0.6048185249160318,0.36788167993769827,0.22358175008830816,0.6898985985446029,0.40455970612365033,0.3086177352597685,0.11166229649650784,,0.16750085546175247,0.5350062179426984,0.6538273883866661,0.24546839196222878,0.06861394617476181,0.6182169860382545,0.6604002992233335,0.4686136997401643,0.14249810713349842,0.20608597535367454
20,0.5179351920311187,0.5397729797828139,0.40134258701336545,0.3851845898783809,0.29210122514738135,,0.42806259297300003,0.5559776431791774,0.42844925068496975,0.47326269545806665,0.42362420843662335,0.44379929232320636,0.745471948555879,0.6091464725351419,0.4111809637219053,0.4868140542823807,0.6098307903722049,0.5224069011444156,0.36649380853642927,0.30130570794471456
21,0.736313071943968,0.4460789526361912,0.5931635187226991,0.6469589528214287,0.3448689721506193,0.7102189988928572,0.27414400858298427,0.2968157359783337,-0.23446466991563503,,0.24441318488333338,0.48403195905841273,0.8822414628007142,0.17327859101274606,-0.40125485473411127,0.6429951216638095,0.5224678682685716,0.5165258537453172,0.25426958742917466,0.3130571760957938
22,0.1817031340140873,,0.22633721774880936,0.10131132967342786,-0.5732813301685582,0.16811673325968254,-0.32832586582380946,0.5639525369267614,-0.39278396650428615,0.2679904071735715,-0.4980304433258858,0.18829492974382536,0.11994639507215879,-0.24564939654585702,-0.6921288558387305,0.31474497844815424,0.932884463908968,1.082073856633427,-0.6168193181757147,-0.9490503237715876
23,0.6285121540080949,0.3942643986964282,0.2696693625906827,0.05463942298416669,0.08395062072860404,1.0462965455884925,0.017290081328371426,0.5627887083530048,,0.20994038308344118,0.00747111676146667,0.20549894826029771,2.231519191280318,-0.1624814758066746,0.1096226217440985,0.3339265237015593,0.2868127535270632,0.6063745266986493,0.10257976623991276,0.04891963624385873
24,0.5114093386187302,0.34862586558428543,0.28270375922782126,0.17841963971044045,0.28649366905686,-0.05509125781126985,0.061476198498896135,0.8959635551030517,,0.292803804716476,-0.016744120132968245,0.1567065405640275,2.0217340566244424,-0.08292272675829371,-0.19972957568384142,0.0075303561971428404,0.12841359222087298,0.7522079779007146,0.3218590225844822,0.33422524376095525
25,0.6446890433177779,0.40414233223452345,0.6796409994964285,0.279792841518127,0.3148649721034773,0.6002886248431893,0.44955105918288896,0.9723754651843217,0.12435243315441546,0.6327974622769053,0.12045789479182524,0.5881067235621587,1.2599856029728573,0.1827931351313919,,0.4411109437341413,0.6758024875036496,0.9200949162873016,-0.0003216200683444459,0.2445909748412772
26,0.06529115068539675,0.20635217137017464,-0.042318253565396854,-0.14885378045714284,0.12135190063516663,0.2753178694810316,0.016990085079825388,0.1456878963681906,-0.06565394039809523,0.1434194346764445,0.034820447682476184,0.14425987152538094,,-0.054329173571295256,-0.056591632220952384,0.23561610299876193,0.01941091073292058,0.2006205645603809,0.0743866352202698,0.05016362531023807
27,0.19969953583047623,0.27130695565761925,0.18259705901269843,-0.028165248448231733,-0.05007779696817774,0.3166290654390476,0.09002024038857707,0.3784121091517145,,0.18194362576600004,0.0177793587219746,0.1923062531605712,0.05780079272031739,-0.008618652060368255,-0.0004081274442476201,0.18205218309571428,0.18183622923993636,0.3595447616115871,0.035549284552684135,0.04167154584830478
28,0.7328251273931748,0.7985789943753691,0.7329971133547624,0.6900674801626979,0.7486289336129869,0.7624030559945252,0.8345539922014281,0.7653060607463211,0.7405485492579361,0.7320677817256858,0.5575321512288888,0.8220076417253966,,0.7903795420724452,0.7535772606638096,0.8086080856884925,0.7542545474388892,0.7868736712483518,0.7814098077733332,0.7576666870871438
29,-0.18414295585095214,-0.2773680760458093,-0.66415444326746,-0.6089555611014282,-0.19915294864387312,,-0.3088751341277461,0.18209138045455892,-0.3974567523149203,-0.05633867389068242,-0.15217689646057156,-0.4292230854834599,-0.6763156766827941,-0.4420998038426351,-0.430120694763587,-0.28058400633266656,-0.13296902039076192,0.1843324858560256,-0.17594947931557148,-0.2084747300979367
30,-0.05619487115518256,0.06553150478866669,-0.31332803728203207,-0.5225902354634294,-0.07777503555393009,,0.013416876122936516,0.14770734016993903,-0.02288821484966665,-0.06629484153797771,-0.04038505594461903,-0.03740657863082541,-0.45101669547625384,-0.2503364986091745,-0.09470841171871425,-0.01870730870811904,0.039917823728285735,0.18347824716633093,0.061102615358974675,0.00029084979122221766
31,0.45800193352082536,0.47438538281161896,0.27910630042590473,0.018681161205206357,0.38074808617790457,0.513066581986698,0.40158859153619836,0.6128825666963892,0.37884351878727784,0.5910788995436902,0.4613629107411823,0.4433320938453651,0.4851334950455871,0.3039743856008735,0.3936719637846427,0.4904822291498729,0.4480360638346032,0.6414830362162703,,0.2918853828678095
32,1.3960681259064303,0.32679095901425415,-0.02466258152620637,0.08341127824259052,0.422288490578357,1.3304144210515259,0.31870486125568737,1.5120369054846665,1.0004883644532396,0.8047238363689839,1.0762648053933963,,1.467509696655109,0.3808085983440937,0.4831870204882378,0.3631055496201139,1.4108984148706973,1.8065841927838104,1.1280641210105242,0.28385919000595256
33,0.7508463144315876,0.5174859994990043,0.402336825572762,0.5831244611865861,0.7213970072191757,1.6841025398181257,0.7240719272839389,1.5483931354539668,0.25831547479095257,1.0302149930350786,0.7292755642107938,0.6550316704028207,2.1388866798200015,0.7398959773809873,0.3338120882625103,0.16380404160961265,,1.2279797217663198,0.7873622033150794,0.6379612934869525
34,1.7026374821855552,1.660990586927936,1.546771607944285,1.521071041060476,1.6257886605957437,,1.5535307710558732,2.0747565762509748,1.3730363851437588,1.8405167477249487,1.6098469316169857,1.492541844964476,3.0504397607565084,1.5809528651133335,1.241317767915187,1.712759514907459,1.9109219320843798,2.068981220382724,1.5998200957570448,1.6010850637917744
35,1.9451255761190487,1.5768324176031758,1.5762912979538082,1.5748732297633319,1.5476783263158742,,1.6241182238760312,2.2595222965079365,1.3838534716966655,1.8435590181111108,1.5697217891666677,1.6483573426999971,3.1473889428095236,1.5654809969380938,1.2733063957499995,2.2165897365619025,2.3349977492523784,2.2676205924523827,1.5966177931968262,1.546583385420636
36,-0.5641600507921425,-0.07325759009348415,-0.15912194975294383,-0.6729493678483979,-0.8551015148781159,0.020654889448849714,-0.41322004247165095,-0.28918154032010324,-0.5124183491008572,-0.4356156295211744,-0.682443022874357,-0.17372700980634942,0.710158642207238,-0.6276409086582546,-0.4666687216080001,,-0.11412974413668256,-0.13112099308749997,-0.999212850935872,-0.8495020431374022
37,1.4083192941092049,1.1066335238378937,1.1182983600052383,0.7520628740913129,0.28774360782248504,1.0158792263498408,0.7318290837518968,1.2822144425084108,0.47706454545690485,0.9415478901893964,0.42266316387585734,1.02762460089723,2.5494872880790482,0.6863005430113559,,1.214819192758413,1.6616711350309519,1.7379471080228555,-0.008197103503285732,0.32060177200969137
38,0.6268944503536498,0.5634659069759519,0.4726234694563057,0.07808482981717456,0.33119459434925413,0.9363988610305541,0.26344448209714305,0.26438553347674604,0.2126441118553335,0.11159039726238099,0.02551778100984129,0.4651668574946029,0.5178907540699996,-0.005733271600285718,0.17319038206185713,0.7712570973086498,0.6167534841730165,0.4241539622814284,1.4568448808918704,
39,0.24151481505396843,0.23951293167085128,0.456824875876407,0.8322508049546034,1.866323977619142,0.29404696176644457,1.4781766261123799,2.032168791095396,1.3946601988043477,2.0180342344398396,1.634460219186284,0.41412428057142836,,1.4885843691731737,1.287837439178475,-0.0062758703013333,0.9497580757222222,1.4257116315706364,1.5292106012420918,1.583240838285048
40,1.6870870014198436,0.6077360617272474,0.3615747548443496,0.5629134804721266,1.8415463942717445,,0.5674830694709293,2.329953518782378,0.7675169540875548,1.9181231506192762,1.7366017560442935,1.0640123958904124,2.4577841204627076,0.9616574793858411,0.549185695067365,0.5832354987633654,1.7483796049737443,2.332224764199173,1.79875862199362,1.4833411685611422
41,0.5749135598815301,0.6029937455479368,0.4284714670908254,0.21477194968492086,-0.28525061237641297,0.6681577372001587,0.5504858950097771,0.2920262317707465,0.2722754953831426,0.09153852831968248,-0.14642943570306355,0.509535272844762,0.4350833533290169,,0.30429047080547644,0.5932299702005771,0.5596183285204753,0.5978513668847772,-0.16391457422134922,-0.0993897722459048
42,1.5765284029714295,1.4375608076809525,1.4182208258476188,1.4225138325085718,1.5279829364841286,,1.2580943570137149,2.2060478963825423,1.1035301379279367,1.6367700857698428,1.578367080461112,1.4509476735104774,2.9081456169351516,1.2001148190914295,1.0387479288160322,1.6163506153961902,2.07269092028254,2.2725980822539724,1.524977317158732,1.490237288504765
43,0.21798179785925392,0.16983102115654766,-0.0019429981248253953,-0.39330336793287335,0.0022996214896666635,0.08895746196998405,0.02560029768685718,0.29466077740307933,-0.07372059900804764,0.1411103891616191,0.0611203568737142,0.06675451090734934,-0.4406374886904287,-0.24027697949261892,-0.0936990916867619,,0.32246024714885696,0.38551632297107924,-0.06843402978131756,-0.0675460745514287
44,-0.19969551448036524,-0.047495228760952385,-0.303652308481508,-0.42030736058256124,-0.12293185036078574,0.24605752752941268,-0.000956955881904759,-0.2137177302976903,-0.14761927275823816,-0.20651191406334513,-0.0940412657685614,-0.02878995933685709,,-0.28766075163067256,-0.13790527682817466,-0.06514145367107936,-0.08428432543601598,-0.06171432828662702,-0.00319820120722799,-0.06714175541405346
45,3.1188082291392503,3.0706749016031747,2.757160802238094,2.6422126921471847,3.065181143853535,,2.8979740796634945,3.3732226430916343,2.474174072539683,3.1612993240440153,2.4425228051746024,2.1799146745555507,4.037691699277781,2.6007398130281363,2.2588399241158705,3.2752043199412704,3.319594176309524,3.3893391854805235,2.894628662020795,2.998163656031746
46,2.698945989698413,2.6611007312682524,2.4573865753111095,2.3451078846079345,2.577416600237778,,2.4535891920926973,3.0945235892563505,2.14908216896873,2.7006909484898425,2.2818664562834936,2.3016839620079335,3.9498257352111112,2.2900287492628544,2.128466299828412,2.8709922593904733,2.9078921084261866,3.113022813799207,2.480633087086664,2.4985911047547615
47,0.07445150166184293,-0.10250350688436519,-0.15708669354304772,-0.5039179196493806,-0.42579893499071436,0.35940657929344433,-0.03639363942688309,0.09420887661552362,-0.17022320701871427,-0.16256832493634923,-0.17398709243466673,,-0.5663527693287143,-0.3365428056357461,-0.10194569881828577,0.11845851056463805,-0.0053657278638825565,0.09578373226341275,-0.3979982947892859,-0.3511088568683569
48,0.8114220384180961,0.5448659437142428,0.6791259841550359,0.5131497560629029,0.500279532895953,-0.0988115586019698,0.4155302018461902,1.1976384955657149,0.1149276116757303,0.7872173332318246,0.31717408833325406,0.43688684038739684,2.051316897059208,0.3440887550191589,,0.43576483801072874,0.8118684500696546,1.4308296694217457,0.31921586812179364,0.49255809162909525
49,0.15273294079499997,0.1458668719629365,-0.39603139910209506,-0.25537064410742855,0.07146586724109526,-0.06179645653833333,0.05506588605961903,0.07862537243779373,-0.05151780519026989,0.02440331518460322,-0.056784136317507915,-0.22784151521920656,-0.691716173349064,-0.2776360474305554,-0.13732272182974614,-0.07293840764420632,0.2629313646574605,0.324184204004603,-0.1231043744321904,
50,0.325444564818413,0.8231092870009529,0.5315370725833336,0.8251919531198417,0.6370904601555559,-0.2454082158747618,0.7440250959133334,0.7510870326966671,0.414284927857778,0.6463447663404764,0.00364886173666666,0.21885731114634907,,0.8112115737655552,0.04261215650126986,0.42617153552730197,0.5338229512344118,0.763174611619999,-0.16129572279594526,0.3085089613612699
51,-0.1347649745639681,-0.9640706231190475,-1.4390094926698427,-1.3726600476396815,-1.060737320709524,-1.138014266098413,-1.2140606892979062,-0.7563358249685392,-1.4297765494285695,-0.984402606513492,-0.4332949771392058,-1.341512964611112,,-1.3521387789269828,-1.3353658797333325,-1.0507861072449203,-1.1942054458722224,-0.3997459655782539,-1.2649734611515564,-1.189127026925048
52,0.8106450359114298,0.5103958039015873,0.3815649173941268,0.12379955798546026,-0.22667271397545236,-0.518505512421429,0.3212820019072603,0.451805634095635,-0.022528920751158744,0.20571067510893654,-0.030249943221452386,0.43620582823797976,2.2235983983197785,,-0.07552974409144446,0.7492326755766678,0.8703752281517779,0.863018371957366,-0.1835675185184048,-0.2106625911646511
53,3.0438579269603165,3.330869143579366,3.2679253940952426,3.2331248204444436,2.94841650377778,,3.180282588323806,3.2244726439127005,2.8330266158349215,3.1761430672936504,3.0945362384365103,3.274153087468254,5.935053403852099,3.0971986584444435,2.0078165477285688,2.6086668639571386,3.3731631574777694,3.4196717427936516,2.932344087873015,2.9551286445396827
54,2.0037707720047595,2.4013646936111126,2.5227976775190513,2.4983104325365106,2.2590685751920643,,2.5760281265365057,2.499522960346031,2.25918542336508,2.3238736114301597,2.351480048906351,2.604636056676188,5.344758439498418,2.457280262600003,1.5725389320142835,2.354277686161904,2.959987740409522,2.5773279214888847,2.284493854361907,2.3612171439492067
55,3.8804822735190454,3.8600118867460336,3.839097344309527,3.7836694364761922,3.7902567192063525,,3.688760236230158,4.487437092420621,3.6768631987063487,3.8405155895793666,3.7268842414761907,3.817113277007939,5.677288385285719,3.646238690809527,3.6831620499920628,4.134094956857146,4.382941147857146,4.537465907251791,3.7631852878015875,3.747174292825396
56,-0.11205774561460308,0.010147140965206348,-0.5242857518894749,-0.6107572596769987,-0.10951857358429509,,-0.16631787454733346,0.07266789711097375,-0.27495846054714174,-0.13088842299834288,-0.08006251970007938,-0.2797181325816667,-0.4693070695669839,-0.38305885350790747,-0.2865277544530854,-0.057087216581079354,-0.027708958067936548,0.11995495551373583,-0.060425935332485727,-0.09823330814855558
57,0.21527148086222223,-0.2622979267208947,-0.17474316542660898,-0.3198246453672439,0.14890868593365073,0.3997963097909084,-0.3640059851748719,-0.13204744241793653,-0.7199139494067763,-0.12682815481412693,-0.05469239965460318,-0.48059845000995166,0.6961663960990478,-0.44661058098820505,-0.6966593850048715,-0.437284423647094,-0.4538489616158243,-0.08493793134047618,,-0.07254726106952387
58,3.8297552817650815,3.7465257717539733,3.790382264396825,3.757229749142856,3.2719222244682578,,3.7609666261190497,4.496022768103179,3.3504376452698477,3.3443897601666754,3.2374074016746093,3.820571056380953,6.52135938584416,3.7422791550476195,3.4976263814047637,4.0527099768650805,4.410571468492066,4.672395706912699,3.3541460713968227,3.355118499111113
59,0.47207260087924974,0.6068518559850792,0.4086442873428569,-0.025886957739809535,0.3404752365655559,0.09501268274528145,0.5122281634086193,0.6140337969476187,0.3171620050091507,0.4686731447612862,0.40001222650938106,0.5787071978352859,0.6041798895572241,,0.306025411728951,0.5578363562142062,0.7142775737647622,0.8043348096413022,0.34889876922257185,0.4017199600145241
60,0.2999560763146112,0.3268723190932141,0.28603377808285724,0.02312784830142859,0.14917911657904753,0.46809746040912664,0.27809223821761897,0.19971416132476189,0.020289079800555575,0.17469861179904744,0.31091021763523846,0.3242629479707939,,0.08132920475573029,0.032772108927380965,0.39413104810626964,0.2776625799665873,0.23085316594007924,0.22125806409047613,0.19992256868952368
61,0.4137845938348192,0.6183733425685081,0.4266587089939481,0.17729556772679356,0.2648314865937461,0.5703156810274596,,0.50457034289,0.12735571846676197,0.3782035010992856,0.24992557167792068,0.2758029807378094,0.8259894837896986,0.17444518223984132,0.1527114984282381,0.4162385537942967,0.560265329868238,0.6726186632415236,0.20985254385868254,0.21260196014035496
62,3.300441856144447,3.3950978231190465,3.298786803150791,3.3638237479841226,3.3162658953571444,,3.474744605936511,3.9062251485714317,3.2242138004920644,3.299836074849208,3.2153787880714275,3.321303463198413,6.357487588320349,3.3305418806587324,3.2719913088254,3.0120969331999974,4.109213527504762,4.111040372854974,3.3566248105365064,3.2611247593174615
63,1.0249189156460317,0.7744725350971426,0.5588607344780955,0.580703319105397,0.8427992384481242,,0.3049806679555555,1.3162335801108254,0.20539641805304482,1.0048970668830453,0.966452515723016,0.41163009766269865,1.5190799672087298,0.46667731579619093,0.23512038842637817,0.8181998975880963,0.9067051939557143,1.3669081868444473,0.9131881741222514,0.6599322402949497
64,4.151129163785715,4.013854097769841,3.9011743789603175,3.8299467586507943,4.081803500793651,,4.150927699007937,5.170309291531745,3.9898747181507903,3.546197190039681,4.211403811349207,3.1545632800476193,5.716677242968258,3.1218406468412687,3.8326813911031765,4.346564898714285,4.671922122420634,5.228503646642856,4.007037090825394,4.121387185626983
65,-1.339102773776192,-2.0417039796531777,-1.8582260167047613,-2.3520272109805207,-1.8846568892626967,-0.6960746019476626,-2.2676174874841277,-1.9983916916079356,-2.7463321355440127,-1.9506662171079336,-1.8778570720603156,-2.295564650642426,-0.7152013418301588,-2.3523394290217885,-2.666318800694805,-2.1159120899269883,-2.443501391531749,-2.037610183492065,,-2.1777753154952397
66,3.4852113541031766,3.343391679714284,2.9093611187460313,3.3423780300317434,2.798288211200004,,3.38173090215873,3.98517542411905,3.0283400238253946,3.145594382960319,2.862259335571427,3.259219997896825,6.0412709754285725,3.2771477102857123,3.0132633351666667,3.4392886012142854,4.18582538070635,4.256345380212123,2.770350506276192,2.7799218279761924
67,0.6799264455278099,0.6446119938314603,0.43769099358050806,-0.05521287445780953,0.20889886964767748,0.5899211066655554,0.5173508499038597,0.4765617900850506,0.31494711686798704,0.32624246449005073,0.1443878538949365,0.5975359847908254,0.46947793271819993,,0.26426942517358226,0.7130128524625401,0.789645526790317,0.5908132701294445,0.3604498877199998,0.32801676039505046
68,0.4488585334155553,0.25197679053079375,0.22561108648015876,0.315325354391746,0.6711933838892384,0.31662398935666664,0.6853212426911107,0.9520816082903091,0.590245679012063,0.9321441123511028,0.6632666824558733,0.2839068869758731,,0.5954852567687304,0.517431135561703,0.18946688345714274,0.6428178480903174,0.6721436771425084,0.5910045557699205,0.7040158611358721
69,-0.11119842565674605,-0.12450438946452382,-0.19202327225687904,-0.6605122711793651,-0.2678248839568255,-0.11238245670690483,,0.08701754967523817,-0.18318463822016476,-0.11961740120818175,-0.09278635775373735,-0.11850685858453965,-0.34453488606412735,-0.5297068798778096,-0.17822050282460072,-0.11086153926371418,-0.0982610302452301,-0.03290376622849205,-0.20451625472649781,-0.2588565996850909
70,3.4860667254679654,3.4438914236190423,3.3197529980822478,3.3088287357142856,3.337835766150793,,3.4097931473095273,4.291920292825403,3.049119894563494,3.439558753934918,3.3490254082777757,3.340598560809523,5.531964386087312,3.1419342679761892,2.9608407717301604,3.548495121936505,4.3189091692619055,4.464771383595239,3.365675557642857,3.277111114849208
71,1.8368509667619042,1.6104630871722947,1.5700321603857124,1.6032682082984124,1.6403076437317454,,1.6048845929730904,2.3640637826428548,1.191827115851588,1.8116767210151505,1.692751976380231,1.6656649871428568,3.065641219264448,1.3899219642603182,1.119433268974922,1.9142492545269825,2.2820578399841276,2.452222671833332,1.6733193379888898,1.6993657814555556
72,-0.2687141365880635,-0.3988542196396826,-0.4757380426285717,-0.7510703229120489,-0.9414306123507933,,-0.699146061383333,-0.6613921840005234,-0.73665598136746,-0.7047966825002379,-0.7376978179904754,-0.46621577890698485,-0.4686679250504767,-0.7251645802930016,-0.7167252875740473,-0.26377881676514275,-0.3904549582257147,-0.5292214881075871,-0.9458678795763348,-0.9800722665644294
73,0.21372583432476208,0.23571473136831758,0.08451584216507946,-0.3082133184131742,-0.019846902889777782,0.16368509368035356,0.18397814948387287,0.32456995440919045,0.16441845088120632,0.2023030524228812,0.12112790770046443,0.23595556206415874,0.22923069722730172,-0.07694687016005923,0.13037468215295217,0.2531885425185717,0.25922771439603176,0.3320749732487303,,-0.029445147285206336
74,1.2490519334746208,0.9302650443030085,0.7864454807487299,0.8838993150700793,1.2216247901051587,,0.8778560233697073,1.729980442357324,0.8072370570422065,1.3368421082412134,1.2640954532350714,1.0060737296933335,2.069119035550157,0.9133800321033337,0.7546919350936359,1.039291916333969,1.5045208390160305,1.7281963849223645,1.21659793721516,1.112482324899319
75,0.6063432035431752,0.6110203494580951,0.5963564981696032,-0.09983101680542861,-0.04159698494096033,0.61623339683,0.5239261402847618,0.16978812038658733,0.2403558184354129,0.02177393525857142,-0.13759459402180962,0.85904952623973,0.11494081187332851,,0.17076562306590473,0.8270736180648417,0.8857057382352378,0.4909861951216664,0.36269977835503664,0.3274039320551479
76,0.307528031424127,0.01564648189968253,-0.1185100891146031,-0.08458039486476196,0.2208814533539999,0.08752024353142862,0.16488297215031741,0.3391685139906272,0.036019230314603155,0.3321415007291985,0.14586118680238086,-0.056445441018730155,,0.05259504107841271,-0.026086858719884545,-0.049169779581904806,0.19334320330285693,0.3272084530777461,0.01720514562022222,0.13744121368990486
77,0.029533575305952384,0.021072062220912686,-0.07973132336700793,-0.5752503161461384,-0.10421189871755564,-0.05321318285538099,,0.10698014863496821,-0.07414294673065079,-0.03128672873449204,-0.10026481581695239,-0.023009410409404758,-0.0440507515819047,-0.46987083243048755,-0.03374294209373015,0.05001480658596825,0.04106231636250637,0.07054192015414722,-0.1507048691270932,-0.09422682472863497
78,1.50302556882381,1.3865851050238065,1.3703416663961887,1.3530461711626973,1.468190812904763,,1.3407285019289543,2.1859491970873015,0.9984750656350807,1.531073697238096,1.458832956095238,1.3867763811209532,3.014295457494605,1.1437264323742864,0.997770910770794,1.629438425346032,2.051797671015874,2.240597666642857,1.481706771209525,1.4402662543031741
79,-0.0660771651825239,0.03546521065799997,-0.5913685114303174,-0.4865559365066665,-0.004300537093190474,,-0.10657211757896111,0.28175095169127967,0.017593572217047656,0.13137460584778549,0.06463523988402377,-0.35812431290647645,-0.5030772266957143,-0.31596492213435823,-0.021639091111999957,-0.35012907581733316,-0.15843240387692067,0.23559629861012696,-0.042467942020310276,-0.04011053945947623
80,3.421711081487624,3.1575832965952406,3.1601017580714275,3.166819612547616,2.8214960956269857,,3.0958747931269808,4.120773092603178,2.781270311261904,2.8772232949730157,2.828444862174602,3.1730852327619026,5.087638905087306,3.0233853222777727,2.6273676297301596,3.5667948029571463,4.193965235499996,4.279637529063494,2.7246236822857135,2.8710143171031746
81,0.26842692522428585,0.25075453668484843,0.18440981802135625,-0.2841398021350792,0.1460904351482208,0.22040936244785758,0.2017458678495234,0.32812283890730026,0.14085504560874448,0.22280848484834007,0.14581468501941114,0.3470015974950797,0.48926054064198454,-0.06764853342936511,0.11286510286112533,0.28278362590675343,0.28983051357507916,0.34196536191507965,,0.1428580425022207
82,3.117238650657144,2.9758973929523833,2.9282420600238113,2.8287179873888886,2.369292079433335,,2.763993917253971,3.2562087450753228,2.4033693851904787,2.7279895780150074,2.552520319650795,2.8224983704190447,3.872173849367623,2.744478574825394,2.3706411858888923,3.1696128394790524,3.707332744142862,3.6107648134562766,2.429090039946034,2.297173646285719
83,0.16055556731880946,0.3569723312819368,0.18707354022188888,0.024115031420206358,-0.007036362579761894,-0.1541785900726191,0.4044480138702378,0.47994778293047663,0.14335613382212706,0.30215612421404764,0.08590752112014284,0.42078120909969874,0.7972743793215635,,0.1842407681656984,0.3526683020784763,0.5163366328470478,0.5865545570410321,-0.027910377329597415,-0.011337218326000006
84,3.124955697223811,3.2634834625952367,3.1108732949285773,3.126876175515872,3.0685738617142904,,3.1601273750079355,3.465039110261901,2.91199048,3.146813197285717,2.9879755472063487,3.298719614515874,6.4414644138362265,2.9082413123492086,2.8054621157142856,2.6160948710793623,3.4214222955238083,3.667459241999996,3.1333085060793664,3.1356036092301585
85,4.13525283311905,4.090790646182538,4.057751742777779,4.053849000793653,4.019651511325394,,4.080761715944443,5.153484003849199,4.009680371730157,4.096267766658728,4.058150062111106,3.877312540015872,5.8515967513254035,3.8555442497777785,4.0184350840873,4.287347612126987,4.5857908164920715,5.179640935706342,4.0033424637301565,4.073341264380952
86,3.5809974059282843,3.3784661365317445,3.0799467570028836,3.160106336142852,3.3393590839634903,,3.3950083619761937,4.265628905524534,3.0172584386349204,3.42900044351342,3.4094705992857137,3.191528662411111,5.1051428477619005,3.030643480563489,2.9279984325634922,3.144819995179362,4.368863773198408,4.406880934778502,3.386385384595239,3.414303136666667
87,0.07914756795999045,-0.03749824378528142,-0.13306953871564647,-0.49322810469777784,-0.2622411244304026,0.26959383834420975,-0.08529018265019044,0.19009080718571436,-0.2549436120409523,-0.04145081570738097,-0.23394993715166656,-0.08528985954428141,0.8679818233422897,-0.3819547566084126,-0.28748853193079354,0.02900076453784993,,0.4647239220899611,-0.2466874855502799,-0.2734737174651426
88,-0.0413250580503752,0.10378960810406349,-0.12361898898460316,-0.21182410964469842,-0.2455112257561269,-0.7852090358543431,,0.40319193600928577,-0.1102906115379524,0.05817453313935782,-0.08310236058288031,-0.027375119180142862,1.045954335978492,-0.1384127730615239,-0.24835181519523836,-0.5379088232314296,0.5167344290312819,0.5342210560426188,-0.16294716933191264,-0.2203058662606507
89,0.23747717528982543,0.05211018041941269,-0.00661287740028571,-0.009243775347056579,-0.028484259173571395,1.230003054151318,-0.06543099128166667,0.15945495347349214,-0.2880903815725395,0.14491057909479355,0.01260502238898413,0.05927859027326193,0.9206222450646032,-0.07498546154771436,-0.23758638499444448,,0.19533777258140472,0.252226486135873,-0.01434570452980952,-0.07440559378201583
90,0.41767463029230106,0.4072565316473809,-0.37475013458847606,-0.11039855656709521,0.20414576622263517,0.2298949108492063,0.49388662196211724,0.4174527507507142,0.3797867180470539,0.3679226881031554,0.27802434563379363,0.4226809468575876,0.1837284964911062,,0.3688558188389887,0.4725367678026902,0.47805722999427014,0.4936129559258556,0.21144987114619052,0.23876203924761022
91,0.2257020896938094,0.24706742751650793,-0.06741620176396822,-0.34728457020683984,-0.5425966873208576,0.29600098391492086,0.19548566006328982,0.3143970178277298,0.2745276594551589,0.27693322026090444,0.2729317941409523,0.2490001313673811,-0.09358031322238092,-0.01893643195036074,0.21123622864047625,0.19263062146476165,0.23726812913690437,0.2905446576824915,,-0.670912542743619
92,0.20405442853577638,0.2043898292799928,-0.2492219021140477,-0.39747775927374646,-0.0703029520109048,0.42947205342073663,-0.05040991647176986,0.14144542184124537,-0.21420934357356422,0.038158141750784955,0.15983371277197697,,-0.4920517885879364,-0.10392491341656428,-0.22335899374412707,0.17564429286626979,0.20059373979402448,0.3246008586158732,0.10418915160777063,-0.051694347863745986
93,0.2920314907207792,0.36604862469912697,0.1607203743257143,-0.059076149057819015,-0.4588812468893493,0.51259804757746,0.21108422068815874,0.08713797379928583,,0.013272886630523811,-0.2125970316625553,0.32852414771647626,-0.07723172547349211,0.038414665384203184,0.09708108938469853,0.42389255417460303,0.4156480333685716,0.3984975204137617,-0.2417667331718886,-0.27422186645301916
94,1.1287655311709528,1.1474906156954754,0.8022040263767453,0.7607259900106339,0.5645136424694296,1.3733891103221434,1.3532444292571433,0.7372581103549356,1.2103409748685723,0.4248567031952381,0.5182714849090475,1.3844144125703182,,1.1141292006673023,1.2545125914053976,1.2771739017174601,1.1606112815400007,1.0933947553053955,1.0089736766222226,1.0569747038813335
95,-0.11255082976258739,-0.029630648668571465,-0.22429609131056277,-0.5596912617135018,-0.28063303594299416,0.08460597093768876,-0.09456247851894593,0.013709498136374594,-0.1338694279455556,-0.11677462014022849,-0.1622900895892065,-0.03589092763651585,-0.7122472274787712,-0.3433927645820418,-0.100747838751365,,-0.05672577730292543,0.03242138577448573,-0.1956809124569245,-0.2492867605015119
96,0.27380415469317476,0.37038047113047645,0.18829818155301595,0.11131927587516982,-0.06998972835650799,0.4505098732596823,0.01112544454947549,0.2809413344002378,,0.1555308370819999,0.049138568441761885,0.2506639989980476,-0.13093245212039686,0.050130892416768214,-0.08405294204330156,0.36032314086317446,0.3373089979019044,0.42562532000590453,-0.5370309244069202,-0.05017594488808256
97,0.7852285042466667,0.742503678035635,0.8016592102812694,0.9564107019352377,0.5347405922219683,0.9203868265726189,1.251866838421429,0.6761951690626193,1.0309969391606346,0.6101892987761115,0.38995170501833337,0.9716656475765875,,1.0685051444198415,1.1290911257273013,1.0133201664611113,0.9143238269968258,0.916785480259463,0.6733715324473017,0.7526582383496818
98,0.5207329627454602,0.33014626136750796,0.26565886997280935,0.1028634956737063,0.04028696306286578,0.572976196932468,0.1745269812225237,0.13613421496549205,,0.13705483340858726,0.06324898101557146,0.26165913940518076,0.705338745206604,0.05618378600903812,-0.001163538489634918,0.3884740489778253,0.3495851272651191,0.3680819151744921,-0.1076130648911111,-0.08240472916594445
99,0.44561627309630353,-0.056659574546666674,-0.1035176131921427,-0.30636395799849236,-0.6569941877489678,1.1117856273148814,-0.12795922367334345,-0.18475376236780908,-0.4737507534608514,-0.44086876305406336,-0.5406422163268826,-0.11299535216777772,2.058918980495872,-0.27398028942507924,-0.3583747838819624,-0.03669589113575877,,0.18940836922966686,-0.5277530880398406,-0.52450786695546
100,1.3736260130507931,1.2564321305332882,0.19495281779111095,0.37492663471107895,0.5643296959432377,0.21291901930785703,0.6633623394924447,0.9851885187008796,1.4881150160141272,1.108850086640951,0.48991857390797655,,0.35484712677298547,1.0450065542249771,1.3591553131789056,0.4759236778941901,1.1625500802842874,1.4728987970376184,1.1724048253130959,0.5138194317166983
101,0.469528089860556,0.2320944179411905,0.3112544056543649,0.04866410604138091,0.1367492189052237,1.274707294585953,0.25418166905980943,0.07196557053720772,-0.07027299675823814,0.09878878954950927,,0.2061889723458417,1.3336041821384927,0.07137070620865076,-0.07101068393412706,0.3510662411216668,0.285369135092857,0.22016853519468266,0.17081028898833323,0.1064402017463969
102,0.438041813834627,0.29943077340896823,0.25324462601253955,0.053274064368009535,0.026401946949627712,0.4829173926780399,0.14466846046380957,0.08109229895996828,,0.10312746518073022,0.025346710550095235,0.22890150234863318,0.5552940817045711,0.008289421585331733,-0.009271888617015861,0.35007502208619,0.30654166960980933,0.3591219291589441,-0.18233792381077776,-0.10120841299938095
103,0.02059600936350651,-0.057183650766666656,-0.24591919299309506,-0.3262493693241269,-0.6244748878631885,0.07456245126277782,,-0.3816034047232778,-0.46478060042517444,-0.4809147436601035,-0.42600450106697196,-0.21415180603352385,-0.07908285333423015,-0.33643054094619007,-0.3185508241780952,-0.03143670464727777,-0.16261962667742852,-0.15197866475204905,-0.573713076022742,-0.549217154352557
104,-1.1245233556922225,-0.771421990934604,-1.7430587384471448,-1.865156817612385,-1.4418883921320647,-0.8734589462419063,-1.5504300604709529,-1.3846067970399993,-1.4565891758731735,-1.4721023431677782,,-1.7641965516861915,-1.8531767314042877,-1.5688923798701606,-1.2558031206653963,-1.046024515470318,-1.4904773051504783,-1.3489812536471433,-1.5068450705460315,-1.5318855590746026
105,,-0.0025084284685238135,-0.3996604185909684,-0.22203029809830194,-0.17179455991898396,0.0795647933609523,0.1042804754212381,-0.11217795413376194,-0.07670159763571148,-0.15195914043924608,-0.1197847949318253,-0.2494754209990909,-0.12103368510195227,-0.12869550564614274,-0.05063225199629875,0.1799666073911902,0.0340997553530635,0.07219161930668247,-0.026865739541906193,-0.12113827688080955
106,-0.10090747439793173,-0.0023363077244047663,-0.3158205858159521,-0.4371067430278813,-0.5428527980627499,,-0.19541199280624594,-0.013153935401319039,-0.3288928368017331,-0.3227970390592399,-0.468666080198186,-0.14911611913317463,-0.3602521592027618,-0.35526150993854794,-0.35824765875398096,0.08418832862982538,0.09863555172733031,0.0734316730468715,-0.5378618891763673,-0.5796535303433431
107,,0.09114090713619055,-0.026549752830301622,0.0037264843612222266,-0.19928643006326968,0.14045244299717458,0.24649321863257126,-0.274449651627159,-0.14241175365326966,-0.33425951950150784,-0.28792374305685725,-0.13838784998423792,0.22996692450536502,-0.16940361756587294,-0.10488708401574588,0.2342959842565078,0.12702921396095232,0.06406685873420635,0.028391702071285666,0.05290322911363495
108,,0.08639913121014293,-0.16233229147168868,-0.11249054192707925,-0.18492702905689165,0.11376172672396029,0.15658838307490455,0.0016731817908000055,-0.20416527345023042,-0.11485664069717622,-0.12666793142103486,-0.07587402785333337,0.11615137769890481,-0.07158908660320631,-0.1706062199634682,0.14107343962466648,0.06741210731972216,0.10628686332452385,-0.0775189796052855,-0.10841871170384926
109,,0.19739455317347643,-0.08958528924223304,-0.16470225912082828,-0.1763612263773967,0.307925592125873,0.1442276798355051,0.2201636850694364,-0.22716990825730926,0.08481577294342058,-0.2140085760422065,-0.05523472449243155,-0.09201105776215006,-0.10537337380611397,-0.3365527692356432,0.27938534480360333,0.2874782105432223,0.3940365530968257,0.044414930568888907,0.00452088572439682
110,,2.0159121046522235,2.2850765125476182,2.046611052225174,2.349395415871821,2.215059755449999,2.1863358162357143,2.224629733434042,1.9903530214010325,2.2271411126126135,2.2662594155830886,2.074571035640715,1.7637096770868248,2.0265757490685075,2.0196705769229375,1.49861152391277,2.071177183888412,2.071045740680795,2.403024150961826,2.133594723206428
111,-1.5869304794809536,-0.9219720704214307,-1.3407889659685697,-1.6708200762285705,-2.8591419590730145,,-1.7721115309174582,-2.030636561465082,-1.9036430165666658,-2.4503931781952413,-1.8000769815428581,-1.550457024903174,-0.5261221449647631,-1.7020251481857123,-1.5913737975357123,-1.091012034373809,-1.3119838270873012,-1.5367397816142867,-2.8609546532444434,-2.726371759215873
112,,-0.19804915950071433,-0.3766072837255383,-0.3966033086233474,-0.45166103086526077,0.09954657240242859,-0.07678890791934918,-0.6013508181490476,-0.6407711721182542,-0.6833040616738473,-0.5618503626668255,-0.24977498841615864,-0.2627074632389684,-0.2699660468320636,-0.6199994682477779,0.05373527118484129,-0.07438909369799995,-0.11812104072066669,-0.5352930130464283,-0.3439767878494475
113,2.1273814683611114,2.1009889047885713,2.5412316852722214,2.3890407408255547,2.2604765789003176,2.6362923075420626,2.205374831456981,0.6371776283133338,2.0437687334928563,0.6605791313385716,0.6132334829061908,2.369888046528888,2.4415938385150766,2.241944153399363,2.124238684221428,2.3063779405123803,1.9863260024019034,,2.1528446236195227,2.098494062213174
114,2.0700486747817464,2.052530079764761,2.498773321062698,2.3320913865303172,2.1971738004038093,2.5596866801150795,2.191846461678411,0.5976456717080955,2.0181044175847607,0.6446904527557145,0.5969628060985717,2.310621077702698,2.4367517131103154,2.1837541080565077,2.0755461638323793,2.2324653465928566,1.9542087006966655,,2.109998470454761,2.0500813868074608
115,0.05867936729779364,0.0006945105385887509,-0.26487561131579396,-0.09628009074863475,0.013089676231746034,,0.05492566349769837,0.19282723538749766,0.016459780834826826,-0.009455547012253969,-3.217307345887173e-05,-0.16149832677819054,-0.49885924991276187,-0.048034565556873,0.04718675909814285,0.032584685559603144,0.05602997722569842,0.19635469046348833,0.05072470680477784,0.029925143710999993
116,3.1327228069936464,2.827986949873807,3.099296716288886,2.962555068404762,2.5730421035100988,,2.8916030036666664,3.0755112230746056,2.4032422061857095,2.6785191701132716,2.344613147595236,3.0002062441752355,4.5732774234190385,2.8545094045317447,2.414688625795231,3.5750150167685684,3.3629241293714234,3.2608312195952367,2.4778431231777804,2.504057958095816
117,2.3660076615055514,2.2021874944920636,2.974427992058729,2.51741987677619,1.1916990857232,3.447969846947622,2.259561154111255,1.257582018248182,1.878529892268873,,1.155224361156435,2.6208538493997815,3.7036858263825394,1.9829389617428568,1.8602949227814443,2.548408427206346,2.86393898329206,2.0134900810937384,2.158664283863811,1.965858364336276
118,2.527817840968888,2.4586069415728597,2.544218622666985,2.746527187781271,2.941673405507776,,2.678827129284604,3.193090523168093,2.5442385693092078,2.8915484313347632,2.679471175549047,2.347148218418413,3.3533435092653967,2.729615707111747,2.6197470661000026,2.679190411708888,3.0934769081752354,3.222421428171268,2.928060565740636,2.868726804695871
119,2.6993699965126985,2.7101693527698436,2.6908324726587294,2.580851830520923,3.245138952896824,,2.542247080598705,3.6459116143095254,2.2810018738222246,2.614380565523811,2.3614938905317473,2.4919307251619043,4.283493028047619,2.616469134878068,2.4257768440161644,2.9154179617904736,3.1765263216746003,3.793383302119049,3.1504491155793635,3.116712849404761
120,1.4381763106683108,1.4529456612065168,1.6752640708758177,1.0501342672019602,-0.06748648021406349,1.9809222611574588,0.8332453865934725,0.7440011877345347,0.9010876132043004,0.5977276516442681,0.6205722122156206,1.3327521705530312,1.9435720548403583,0.9942287463904753,0.934429815946486,1.517785795664215,1.347329385866,1.1505910690200116,-0.000729070003469857,
121,1.2885635304698415,1.3034444732456214,1.7038471913119837,1.478731508789206,1.1098329528242707,1.9837535195826992,1.61366292956143,0.27152636968093746,1.154207209305397,0.2822256107701439,0.32012284524220763,1.4211805671443651,1.9467754303430946,1.2919521013638096,1.166021721600477,1.5044002863823807,1.1335731170040477,,1.3048768431933335,1.3972916423577786
122,3.189258834266668,2.9083447256349215,3.8446444778968245,3.460193427087299,2.4006866732661907,4.0411260867730165,3.193577604961902,1.146647100981112,3.1984337089142856,,1.1376580637523823,3.4452348844920615,3.9155086049603174,3.048552417857139,3.394738675033335,3.4187537596190496,2.8990943054857152,1.7058595770971439,5.394610200542867,3.462951194561903
123,-0.22172904934222235,0.6401418637436828,3.265187275534921,9.005449675706346,5.814130527465087,,8.089260334999995,6.927280991963484,6.2441938458238075,6.974556913630149,5.072198405266694,4.727329488412693,4.99981311840413,9.54168860094445,7.457624190285716,0.0667235768548888,4.142008424172062,4.965768535701583,8.679307695614286,6.51354820307937
124,-0.20738623081590493,0.08532430145363495,0.0009126615671240943,-0.018021424807298115,-0.04048181897428857,-0.046380085280954796,0.22916795752728575,-0.08717380424301605,-0.012835974462317466,-0.0799672428542065,-0.125931723187495,0.1187990827884655,-0.4959874019842776,0.1763074036341463,0.11343013048495242,,0.06593397681858731,0.09859886673357149,0.06184043346885712,-0.07167539807912701
125,,0.250897982831587,-0.12538643755638101,0.15265020768150794,0.1782771044573809,0.5532588911534919,0.3651644902156351,0.040206587935444425,0.20196397179960313,0.027635723013301604,0.21726711141277777,0.20849210013995245,-0.2544565258905557,0.3018361365723808,0.27014971429761886,0.31848751562603195,0.452637858457143,0.130000880357381,0.22009779845044428,0.21196391459666633
126,0.6861609687563658,0.7016119599602542,0.725909117904286,0.34370589099003174,0.0705244418212698,0.9247103554672229,0.4819542460022081,0.039127085171984134,0.22061893217909642,0.031187545670555563,,0.6560201927026987,1.0720423870110314,0.30107436383558744,0.09934370234046178,0.7626409804294445,0.6889800705769689,0.21972230252134894,0.2798846787126351,0.19722548662825418
127,-0.1476045123238096,-0.03363531315098409,-0.23015781773724533,-0.35153379399974,-0.6194552543788894,0.23070686614319857,-0.3382384917952382,-0.10917165961714292,-0.3176623440427419,-0.30563302510533163,-0.38183384527833214,-0.06142880138133652,-0.5611728644867399,-0.32225250242287146,-0.37542729280587295,,-0.10097849600735723,-0.05273107954957144,-0.45862340037206367,-0.48570061498428563
128,0.7162087288270048,-0.37139687478956723,-0.2518515883418141,-0.09505014626587462,0.8288364007555424,0.6141435135913376,0.4611426674433728,-1.0307425540428885,-0.743646123512482,-1.1758659465959216,-0.622113212387865,0.06165355085285405,-0.1329710056259683,0.13539949829484596,,0.38206996168666674,-0.05621419383458725,-0.07022421848239885,0.766116414901018,0.9557935081497958
129,2.0648487696123805,2.2677736201016683,2.5299303073133323,1.924315945613175,1.7981043052104753,2.430057450994604,2.063557427842859,1.7239598381273022,1.7803478665372228,1.731848955733254,1.6135972513073034,2.336959113460509,,1.9227397395638404,1.7540234819435714,2.157150005288526,2.3949000962793656,2.069690831911748,1.8274470621723808,1.7292719255795237
130,0.7865941333815867,0.6654152542512117,0.5066639315580951,0.5271031867200007,0.06976047524460319,0.9398671817755558,0.6036777851706351,,0.029236802781190493,0.027709254396984143,-0.06966547700119054,0.6314048011188895,0.6172642759982543,0.5589234505863492,0.06439499054907935,0.7870831881014285,0.6102409733798415,0.654582888984444,0.1396521418704257,0.10339845863058446
131,2.668401704542855,2.2381222201952387,3.2799264010158757,2.95242092115873,2.5135292283634927,3.4868233049682553,2.2511778158650797,,2.303920099460391,0.5120333475682467,0.679300140960866,2.5596552371428585,3.2829135826984106,2.552418329615872,2.535910576238094,2.8426960392825404,2.066669326580317,0.738026443944763,1.99516368344762,1.8460761130126981
132,0.4634068338353538,0.3568559645107037,0.20953338794899198,0.2508946933874605,0.07570718214930158,0.6316755669204756,,0.3090447665222221,-0.0757161819911111,0.23447477184555543,0.17748350116109388,-0.08087406343594461,0.42332374889605356,-0.05617454409519053,-0.10244739540586428,0.30089728828826706,0.3996178006569044,0.4679528191364274,0.26956941368411125,0.10484242840065704
133,4.515508171549208,4.292136786398418,5.250118737095239,5.055151079166675,,5.072348954160178,3.4580734226273036,2.2579898791185697,3.98637832683809,2.0406424808742836,1.8855475544447589,4.64503886876191,5.277553972136507,4.542808156061908,3.9536437015539656,4.753923181295094,4.427592382899855,3.771050541681747,2.1079994177988093,1.1311341695140456
134,3.7034449485936523,3.3848127104126977,3.776786076658729,4.0719454509285695,4.024997086730158,,3.9206577790714294,4.487718488061899,3.7438714897936514,4.287779720222217,4.0001135934604735,3.2540299738571417,4.904927184788251,3.7576652558890418,3.6751945588334918,4.053307719904757,4.5237812438492,4.482677563214284,4.020457436150797,3.969251760507938
135,2.2913565448931226,2.0153006129218913,0.8035531402319842,1.6069894134326856,2.3436488781285703,1.5993570238316905,2.3561146905714283,2.2891116444020354,2.7731903418596997,2.385576896574602,2.7655886573095203,1.3898434629120895,3.2505528067744303,2.299063783940476,2.8321521914745946,,1.6396537793755803,2.2404491951900494,2.944393521009522,2.4402251023976187
136,0.545980965429649,0.8379577483529724,,-0.2813856153713906,0.6226766884001579,0.9063126562246978,0.8969571922365742,0.6602837612523818,0.7742038892438105,0.44540034865619005,0.41212822571190455,0.6259758506379368,-0.12442600968179358,0.29725942285198403,0.8477715567807799,0.802371778850392,0.8796105313924778,0.7687989194390477,0.7336045998209517,0.6761627179430159
137,0.6675208036319064,1.0335466840505088,0.7191565411962704,0.4680026306837534,-0.08712255492022225,0.8947764939283345,0.5835110403169845,0.46577565727868225,0.39525220636969793,0.33706352838492076,0.1897724088404285,0.819827224171871,0.8549929913743657,0.33468774570069043,0.4447020058606981,1.0658823728523086,0.878841547044707,0.6927359712483336,-0.32570824792793646,
138,1.5160507108195336,1.6820729606399991,0.8364979399300005,,0.35519469443857143,2.352501740825399,1.2799263195809365,1.54091703361619,1.3583827608055539,0.7527709022121426,0.6838880944731459,1.4411834049836505,2.24804261510173,1.5397156126752356,1.6341841069512684,1.8063272307019487,1.7599483831684144,2.5079762296799952,1.2313678041952376,0.7590683422266661
139,1.5623740066712188,1.9525968056919052,,1.6313525158768238,2.695874164952385,1.9599730803565558,2.008282688212065,1.2445686026171425,1.7985605392090476,1.565650972088572,1.19172360399775,1.8289465938353975,2.9807012724414137,1.8482070920568259,2.0159626153699994,1.6651964256757148,1.9220704101904762,1.7387173787404762,4.958534684714291,2.5693124584738136
140,0.6340997947795236,1.1819792320652378,0.9828179949925407,0.33056251548817495,0.09856167855457149,1.103424983432222,0.3169124157793808,0.2982497514620002,0.1355673056992125,0.05908423402307298,0.05948922005714286,0.39080477626960347,2.1136858530107157,0.20256568448298717,,0.738641145686483,0.4109558359783969,0.7625297892352855,-0.14540900582904762,0.17361586028174605
141,2.1234058157537317,2.2505751458675425,2.6860805928827287,1.651952983076158,0.24070394302954767,3.101736447910319,1.4958743529927458,1.3156318984852071,1.478513225340809,1.2474394171590166,1.1952941266421913,2.2107121433419676,3.1320203350668274,1.5685777636409195,1.3566741186876194,2.2314069828355088,1.9057819385714276,1.6954235008057155,0.401368085937571,
142,4.2748349420671445,4.77091361287328,6.654774110844446,3.891475515730163,1.1173395557274017,6.735805239206353,3.9675392936571434,3.427135998878166,3.7291880094176197,2.5275712596257827,2.3669052876071413,4.956195417722231,6.910240870928571,3.890197861580955,3.303627877934763,4.689877508005344,3.9264955979116882,4.078602661890739,1.5572467880249214,
143,1.0402708736330442,1.5161735856833318,1.5427880019384128,0.7653423286352388,-0.35065819163419687,1.4756038365809518,0.24091014906861877,-0.0807505653671968,0.05424933436230161,-0.2712812370900949,-0.3789566741678101,0.7524675701753973,2.8779508288896833,0.44842338858104763,,1.0248103217796567,1.0079245397182535,0.8880848726659992,-0.08729262855118734,-0.1249549400061492
144,0.6253534086652414,0.6855903823199905,0.2592100345409905,,0.10163294884158013,1.0014636989063812,0.3467167742283912,0.42184974805492076,0.3912243469569205,0.1573150467063492,0.14106671738230164,0.494600362860945,0.9218436234993023,0.32891406286514374,0.4495458495820648,0.7801144395687302,0.594907030418714,0.5009121545075125,0.3453100346433336,0.30652786519253256
145,1.2323996595874467,1.293383479905398,1.9622400025901596,1.3623922618561901,0.04622892610309524,1.3367277886769857,1.0109646532287955,0.8990852791426183,1.2488780849754735,-0.03985813834714286,0.13954826949425697,,2.787831843122366,0.8176553226155547,1.5205600480130939,1.6827563265652392,1.4932890502169853,0.9548150032346816,1.287136619341744,0.6749079424538879
146,1.1409680972396812,1.406686483246031,2.1374435384587285,1.6304538337993633,1.3997775625146036,1.5636348767295254,1.2808317559444435,0.720133506001183,0.37391057171081843,0.772333435301429,,1.5996739977414285,2.7996595733849188,1.0556006773780955,0.47646211082691353,1.4480695047857133,1.5839282365322218,1.0446482718090493,1.4136964633253988,1.4621827978382556
147,-0.08130591157857152,0.12195058276900007,-0.3012921294914764,-0.41454427235677804,-0.6038731331382535,0.35114219307619027,,-0.2205462775749205,-1.0018574053068259,-0.29362110714682504,-0.46402107139015847,-0.3289020104400637,0.07627820413918726,-0.6057718445490483,-1.0817171927923175,0.06468425306055016,0.07106947106458725,-0.026804004261472992,-0.3781747760889682,-0.5411472730289525
148,0.6509399876079232,0.7980355976385294,0.6884789083524434,0.3347096455867618,-0.2636573767895713,1.0358114376512277,0.25221844280698386,-0.12557472831940183,-0.02376446260234919,-0.23959289705205702,-0.37441031910843864,0.49255838240254574,1.4956890155592062,0.18998899890199344,,0.7433198418096585,0.5573526015746574,0.575035729410091,-0.12166738900058735,-0.05172030774195241
149,2.6318191338737376,2.5821259810825388,4.675931695952377,3.984040464808414,0.6569101052414826,4.345378125853964,2.9714884762333336,1.5613651560219046,2.961944643039683,1.1983979538590472,0.9087849430539686,3.7253324805634946,4.622350879857136,3.328879734271907,3.726782842498414,3.339876561969838,2.864985338361617,1.9708196401007956,2.687395513450698,
150,2.412392889174125,3.141402527948257,3.284069030833331,3.2947725087619038,6.870945883073008,3.7354888135004733,4.343667314842858,3.710367659907941,3.758194007674607,3.7079091286333385,3.1632948932345406,3.4619301973412733,,3.5169235030714314,3.784587553236509,3.4854790361682557,3.2991921220330163,2.6998547509301605,10.044903258736523,5.421998938558727
151,-0.24544722032032448,0.13507171043418728,-0.250352511155327,-0.5696563316206027,-0.22756916795095242,0.031167363764152387,0.20659574453345064,0.5956722859475392,-0.17864418241833332,-0.180757406954365,-0.13294714666230148,,-0.5696245019731588,-0.17094069035579362,-0.022915493372199985,-0.2576709070018127,0.10352609071918742,0.5236596406054292,0.21151850638119057,-0.10864761326346029
152,0.5791910453798408,0.4381118458046033,1.7300650928872996,0.4585213818979999,-0.3324901381821907,1.3631377697673863,0.3916880538802854,-0.11578202200142847,-0.04375192758090904,-0.6806320978811116,-0.5531165528741583,1.141000715861294,2.3534591238177773,,0.27703924604428604,0.7420757810970083,0.5375141179587302,-0.06141815263292705,2.7029443368252397,0.9474574982999039
153,2.792848439204759,3.116720594311114,5.556876530190471,5.804402378920632,13.573249860352382,4.462247803103172,8.90733394301588,2.2587640535514706,8.613651247579368,2.7769309752623825,3.0852454994623835,4.710674412158723,3.9299723914571443,5.6512160013412664,11.436305200396816,4.075798465214287,2.7209686175380936,,27.66465206611111,17.06155090909841
154,2.6645727018578627,2.558312939884127,4.377298410896823,3.738810967920632,-0.13432501930285706,4.266269391992063,2.679165468913847,0.332799151020476,2.7195987219285715,0.06964400125285723,0.29733619002603184,3.675306136896825,3.85336272897619,3.0339674530476137,3.0715732538015867,3.846407512928569,3.182440559071426,1.5223550637706338,0.22119512755441262,
155,3.4208328790301588,3.470521033453968,4.687798467225393,4.190209026690477,1.5313669128566665,4.509835462439681,3.0810602642268683,1.9443326251795232,4.445299265015877,1.8485636494766657,2.1521354111347613,4.122519779595236,4.373216594182537,3.5849749327793647,4.687269522801593,4.089552930547617,3.7815678878187557,2.6431426344460287,3.2498807030628547,
156,1.0135762731925693,0.8954134037119048,3.3048322432012975,2.133665210644762,3.1581699833775585,1.7660297710934763,3.522187984511479,0.5529944617714094,0.8659655699631067,-0.08203756298859055,0.33690025618532937,2.2411903351647604,1.5449235456674604,1.1366864273987134,,1.2682630552216465,1.3985574396491052,0.7568332918039689,5.2963776224844406,3.562305410262195
157,2.0348314209619054,2.296969513230239,2.6604506838809514,1.9167229140793656,1.5023229357142835,2.3774675340111098,2.108479719952382,1.4288692112111123,1.632105366746033,1.4327530858539688,1.4737512095206364,2.440262099031748,,1.9510970183650804,1.6070157817738089,2.274876427109524,2.4520660767936517,2.0010486176793667,1.5431035168880944,1.496514465416666
158,2.4752796776168093,2.318360469043004,2.7484591441850803,2.611041234950001,2.010396771956812,2.8854338624168236,2.3647452355129372,0.9318631523345894,2.3883287168160305,0.7888619578393509,,2.4701648421446043,2.4236208796261907,2.3383601412174606,2.3871495068493656,2.503354164279365,2.2256347647390498,0.9977419115024462,1.9084697026914288,1.968782262103175
159,0.5969168130278099,0.7437000960192205,,-0.02585949022409684,0.042525578431142894,1.066172782156095,0.6912017465205383,0.06252755133412695,0.14165871196242855,-0.08313130688667539,-0.03337892771346028,0.5467386262684762,0.3781040717026668,0.1777071014824445,0.03315246253904762,0.7170835504588892,0.9402964216426992,0.2582497953423332,0.25182603452103874,0.1940088976845237
160,0.49798084898700035,0.4507517859481194,0.26099383184464275,,-0.49148231311460294,0.9126786374063003,0.323308966572286,-0.333435802432921,-0.17609426576812698,-0.4310497452157146,-0.5227936092501586,0.07118111200208097,1.291351258803962,-0.01787171983281746,-0.05422881515038089,0.30338134668380945,0.264761518423716,0.3044445990589111,-0.30879891344634897,-0.4447736086831742
161,1.055867470483644,1.0944199208450798,1.158055535316587,0.7119514190061115,0.050943668680493694,1.4656333997711941,0.535156696957066,0.5171237679992742,0.5772748893831446,0.5032702794518611,0.47775902598429343,0.9500031890594083,1.4359370364375552,0.6786416189832781,0.5306316102570303,1.1015521061759117,0.9772168586909168,0.7615524869374329,-0.022222131688301613,
162,-0.02040565541882225,-0.14596781727958727,-0.17260080881365084,-0.3380499903167144,-0.569318733584365,0.06789126023795083,-0.0925864280673015,-0.18589635032238083,-0.20957850546119045,-0.42843178217484157,-0.32448700963777793,-0.01492683203794445,-0.3611810591300082,-0.2168363894960793,-0.1712318266733333,,0.14132382129406343,0.0008467049322222117,-0.3133638197001591,-0.5088116789279362
163,0.5357533760806706,0.43473712406555537,-1.560837942583695,-0.7739968730268575,0.2568713302756822,0.7021585830297404,0.08998788589903806,0.38150870159206385,0.751017510617936,0.5366554166266667,0.23784094582862672,,1.1544045627987303,0.17678613354779832,0.793025174770158,0.0933419532084508,-0.009209063153396825,0.33823172846610844,0.7372878413839686,0.31962576514068897
164,0.33944893123255554,0.03518421523382698,-0.4112921102233421,-0.3505026886703177,-0.3984271486908419,1.0023010373311751,0.12300182432885866,-0.8071646424390471,-0.3400357095801984,-0.7229081767386022,-1.152883926460952,-0.27637403976275976,-0.44614848303933985,,-0.06923740917265073,0.25930060032653596,0.1437480722937619,-0.33467332883001927,-0.4612681767931456,-0.4226685224589712
165,-0.21872211218723792,0.14990245062676202,-0.9847187394388882,-0.8712748229942474,-0.3945448909654761,0.25106678854654546,-0.08745590617035497,-0.2211482448071357,-0.3913609801772065,-0.2648000482803897,-0.7050081197193078,,-0.6839354111708734,-0.6452102442444261,-0.36509638349958723,0.23299747497468262,-0.07194243294203169,-0.1210817888731079,-0.3934898001894369,-0.32836982592611097
166,-0.2257262157207913,0.018445055842571424,-0.7045404052974678,-0.9612486760286566,-0.6702044045967536,0.3287851378557281,-0.23349849174161894,-0.9194562716993643,-0.6149732585903173,-0.8991189797912695,-1.0090382233920634,,-0.8815886384756448,-0.7506903537688968,-0.561637100681587,-0.2025261351503325,-0.40185527796450016,-0.4805587439608346,-0.48740829270539654,-0.6247927538509433
167,4.48089255483333,5.017206328682541,5.26393234779365,5.0456906580873,,5.4914368319127025,3.411304771833335,2.8340496938380997,4.4909884027539695,2.6111820288571446,1.892700567905874,5.145318056531746,5.8118047911587265,4.089395521468251,4.776444745746035,5.113698202761912,4.402844635095239,3.3582287019460324,3.5336432724127005,1.6210804647304757
168,1.7922934057428574,2.177977911966985,3.160325432904767,2.7697365402222203,3.495724411309523,3.5992280034126987,5.106813689793647,0.0248336823315873,2.3389388145317427,0.08723871810949198,0.7291861312813651,2.2907155615873003,5.029176125395955,2.2771907915317438,2.7236453809523784,2.5575093285079364,1.6181687410047636,,5.4149701858301595,5.766165136392061
169,-0.18024969569171423,0.25214308652023837,-0.03891407675771428,-0.6327618999158734,-1.1133507027546892,0.3237524456133332,,-0.8368528820798566,-0.8892088508602537,-0.9078940065599681,-1.005298272472223,-0.1158658374743397,1.351961989769968,-0.7034686297616358,-0.9989408381380955,-0.25069162353886665,-0.08595679346261906,-0.23927912721423517,-0.766567516791746,-0.8732408828998101
170,0.7007926157093234,0.5146335377943748,,-0.38669466895135657,-0.4724609666857141,1.1746862406735632,-0.4410413475613905,-0.713992909981905,-0.5412638282127271,-0.6580124228276188,-0.743449310358571,0.30499103056995497,0.7959037378048387,-0.19233867851008898,-0.49058591458373685,0.670118557268243,0.3614733230904286,-0.23943864296495246,-0.14570404130463177,-0.5138425417469047
171,4.386717645377779,,8.669695726857139,10.660508335007929,26.095296246571444,5.535613303309525,16.642150912873003,8.073182992134914,15.26339237698413,7.711512461214282,8.614205131658723,8.613496982952384,8.809289680126984,10.35140702210318,17.09145179739682,4.81731427997619,7.29051646346032,6.72436840244762,32.1433274171746,28.341411528047622
172,2.1077401417666666,2.473634712957143,4.4713774881507895,3.138644056277779,3.819799519646671,3.678635887865079,6.018103855499998,2.228943828254859,2.944944361200003,1.663017123957142,1.350010551765713,2.901340386420634,4.984601099270561,2.376789056001588,4.9809007265476195,2.963433894436508,1.9029266789476207,,14.327863173773016,5.623398070077781
173,0.027944136946641288,0.6025582359046349,0.27081509412441246,-0.22256413703753966,-0.8517827807687304,0.32801137262742863,0.1264217744464285,-0.9804370661020623,-0.46278579360911115,-1.0211118680892057,-1.0321608303192047,,1.6304331830868517,-0.48905146599888943,-0.5903278555519362,0.3818436078136222,0.28859017646685425,-0.24952276068451426,-0.6138253225357141,-0.6538926062198411
174,2.9614153832460346,2.8390319759206357,3.9019229206111112,2.854213903571429,1.6553349757728593,4.083973415920636,2.7893014266623393,,2.032580152209207,0.3132412795581905,0.691511820611746,2.886509222452384,5.00478279450288,2.3769584982142846,2.2580861944012702,3.676614789214285,2.576862357071431,0.9534191219809524,2.5268929871134933,2.8525013217917734
175,1.168566561624127,0.9244234150923804,2.371737692668252,3.163942142326985,9.490557224223798,3.1053082773555563,5.6825648239076205,2.158475656889523,3.8746914568238116,1.9847087883282537,0.551034300104857,1.5680238639215864,4.95621013047835,3.3113681726282533,5.875663415787307,1.5761903719590473,,1.6701190816220637,11.548321284890479,12.396479183596835
176,3.089131496857144,2.9082189053968266,4.076278485849206,3.226407451436508,1.1478960137148568,4.074007754000001,3.0108069044099595,,2.1536706944682544,-0.07269653804473016,0.560902876016508,2.8163938387857135,5.0436593569531025,2.351021800609524,2.311223848731747,3.5383170965079365,2.6379024757857152,1.09489871501304,3.11177842182381,2.8518425050200005
177,0.5622298284388747,1.0942689422395249,0.8074272551172232,0.5534494764952539,-0.05242842536993654,1.4393210436241273,0.48398650641536506,0.1189527484733187,,-0.20982418088693966,-0.09546907857990161,0.45772594162896785,2.292280402502698,0.26848196157303184,0.13742418008252377,0.8534372530643889,0.7212257689029841,0.6981871890454283,-0.5642967386761114,0.033613541287047626
178,0.42671281325132165,0.541198340546776,0.11144906808953965,-0.19563724268998708,-0.2869149355182356,0.8122342275746199,0.2527644980001746,-0.14116542076362942,0.028435806550380957,-0.17408404922688647,-0.30301964727495223,0.15218528940333478,0.8610839427954043,,0.09041437214928578,0.43184133649283796,0.44118139566378567,0.13973864140046993,-0.33772291320603165,-0.2601945273834126
179,0.6421260356686928,0.577926548667423,0.4522153251485714,0.04867199615409527,-0.41769870725874614,1.1451191776275145,,-0.08399465013879363,0.037914371152142835,-0.17902267028539054,-0.12883102565917462,0.354728613093238,0.9558447054466191,-0.010267122832904782,0.03133214900542864,0.81494141488,0.49143907798307135,0.16412353213110578,-0.3430148694717937,-0.14743894503807947
180,0.17912716595588732,0.15919914944922536,0.7413616883303397,0.08637578434579514,-1.086621241632698,1.0223044782158375,0.026455625285079363,-1.5975079693610394,-1.1172016668380957,-1.9634557300315159,-1.7599498388005625,0.4743705150729368,2.7168915388220625,-0.2751123101528889,-0.8189807836719055,0.21063328870988893,,-0.5422619278234541,-0.7404714676369842,-0.8574471613030155
181,0.08226896760190476,0.42934018156999987,0.194223035369365,-0.2640145151144586,-0.49879353142587357,0.5031021720837446,-0.2683880876685856,-0.5374034555885713,-0.5865191657749993,-0.5565177532904761,-0.6657870490623806,-0.10044418806444436,1.7753656003329836,-0.4836785578623321,-0.5667371267130948,-0.005573082943015867,-0.08428982707860311,,-0.6395064314335707,-0.6063162427844433
182,-0.18546300886010844,0.034698847974968236,0.3680721715853332,-0.12081874444933814,-0.7379188132761189,0.6083453177252495,-0.012969941622587296,-0.2345134451163492,-0.7606742037483815,-0.7429087907849204,-0.9660992634590488,-0.140920913759365,2.3077999001555543,-0.49894317348396844,-0.5310683561896509,-0.14358534431021439,,0.16914563447853007,-0.32489973522436516,-0.4207906856501112
183,0.1370045178173241,0.23393281050549194,0.9253666389181905,0.3966151096506348,-1.485158060856509,0.9060553515402061,0.025574458047476153,-0.994773641350635,-0.7430873284348202,-1.4546614066682555,-1.3169794502715877,0.1752199983442222,2.7523846818825692,-0.093754249532554,-0.4790033121790485,0.1214369020252366,,-0.6369608528574288,0.40367696655708474,-0.8442966757687873
184,-0.2497424558953651,-0.015800416228702766,0.4791361992217933,-0.0015534364269523984,-0.9077111992684126,0.33925710656806346,-0.30767162281528593,-0.4251161414905553,-0.7784615714937555,-0.9500184717447622,-1.0427900098310334,0.023572552487264968,2.511918476759443,-0.34370006303239564,-0.6125152212398095,-0.23133440078261922,,0.1098620870745238,-0.1307238587534546,-0.6086640397373114
185,-0.21235542371552152,0.0012791493716623437,0.5258599214846026,-0.00866336559341272,-0.7124609367031025,0.17349214871674626,-0.5755167498009524,0.1402689044932858,-0.9146667094303012,-0.45589493448898416,-0.7234452932616826,-0.22106042830000022,1.1848768500586493,-0.19375381582687287,-0.8401737580837775,-0.3267754756991746,,0.465118856864285,-0.37381175799180943,-0.6994069214392055
186,0.7070878598488889,0.8268808213242855,0.9259237129923813,0.5375213485229369,0.15058624515980937,0.9728260974928569,0.08362584683299566,0.6417296752840201,,0.3102316203310637,0.017779490422698396,0.42544278109475997,1.642887202889696,-0.03330857463337304,-0.20961797856984132,0.5295363644320639,1.0047721278375032,1.0730775418390468,0.03999074807687298,0.12269238993531857
187,2.8481121916746046,3.53270405254127,2.9058314945920607,2.8198500859111033,2.914418518873014,,2.549206631396826,4.052032143682538,2.451608401587299,3.007862973744441,2.8077664673650786,2.525266206478096,4.684255096014594,2.6399800657460317,2.494360000292063,3.0196647730542865,3.3508115178412696,4.163989526055551,3.2909201515793676,2.720551344665079
188,0.6509093070753174,0.627211319899365,-0.042436508325115176,,-0.3520983894161429,0.8464788691652378,0.23014156644648498,-0.05597152538471431,-0.03313726725509526,-0.12717587530479366,-0.09961399880566668,0.17009447675204753,0.7973713090343207,0.14908656323404018,-0.03442402284766666,0.5484089345610156,0.48483824658761854,0.3179205269605176,-0.49260182841044725,-0.3953739804319555
189,0.185563672710538,0.1091675596411968,-0.0863718314126429,-0.2491801170084604,-0.3277558079603177,0.2876372829136159,-0.0933430449642698,-0.18693164543579638,-0.475854539625159,-0.21068459774412976,-0.32627082469277785,,0.07643315822425233,-0.3087989725046112,-0.39859113232717486,0.05157512630570797,-0.03613645452697778,-0.07807453783344442,-0.30408936937832626,-0.4422992919041268
190,3.613617102666667,3.5620478698253972,4.464883649801585,4.278668740119047,,4.223749760801585,2.996644489776195,2.0680899274264952,3.279569654936509,2.023804448821734,1.8939169789731602,4.001490768928572,3.6445840798650844,3.4129722990793687,3.5091595168746044,3.9831802371825367,3.3155419215317483,3.258311006689034,1.3605007485285718,0.7740051326485716
191,-0.12016532384937005,0.4824321513111585,-1.0799870880086146,-1.05514790312709,0.550442947007382,0.06161176129623804,0.40418647527170826,0.8866247657538094,0.6200559988304756,0.6927141044336501,0.8474060500078568,-0.46200099951177825,0.7451440438861113,0.38338584849027785,0.44143649869555557,-0.7717302681159778,,0.8053366782363486,0.8714796104590476,0.4566763597019047
192,0.9078447064335788,1.221023591245746,-0.18582483303980962,,0.7039239313746826,1.232495307762173,0.9718645791657152,0.8193645492465083,0.8143207904530951,0.766786746095873,0.6729749563083811,0.8296951085980959,0.4230449824079204,0.6878414865704762,0.9003987602621429,0.9429920450149785,0.8781880313094237,0.8988247759326983,0.6811173892479372,0.8658182852339691
193,0.19633500795284614,0.29677628757288865,0.121041976183508,-0.304607213393349,-0.4652848460097692,1.155362652687301,0.40647468255180946,-0.7282131025564366,-0.32459229935633344,-1.197469113717546,-1.1640630359234991,-0.02003917563352382,0.3414830738811619,-0.4758900432536514,-0.10853368538366664,0.4558713955584286,,-0.06491790031684125,0.12627422443688316,-0.03588671471476189
194,0.3993191989313332,0.36883601999250476,,-0.15024508444179363,-0.4927745153693653,0.929482095317889,-0.15922223307023806,-0.3699852308434923,-0.1968701062703232,-0.5786414913561901,-0.5924681844803457,0.25717861413277776,0.43064418890664746,0.09449052416157146,-0.23679588602571416,0.42862614447969044,0.3294318900601904,-0.0887547725082857,-0.15994402870815627,-0.3116538084285715
195,1.0195002758834923,1.3083933846634916,1.5836485867373022,0.5161038577093655,-0.06482852620317457,1.657945908212778,0.7940369793973587,-0.565453918761142,0.005084169329682549,-0.4683211136244759,-0.4492060276047834,1.3249482444319838,2.6112642734707134,0.45470618782019107,0.16098841489507937,1.2548053009992075,0.5384142066472538,,0.4267881316668259,0.24701768426650808
196,0.6507187304495233,1.2037714341211116,1.0773708358940743,0.6372606940042859,-0.12666096817784758,1.2622798726290485,0.6684973756848576,0.32808162634352056,,0.16749696519028254,-0.10660511551771756,0.6804053095419681,2.190558372745079,0.4790864064723812,0.3662766386449201,0.6880042988469518,1.0188551832836177,0.8051415519684125,-0.18793183157110832,0.0065808842615873026
197,2.8637083810492094,2.787036823302382,3.397142472485713,2.855625138847617,1.7258239764085699,3.759722141809524,2.7417557948353557,0.8399946396624278,2.4952108786079057,0.8595705998719045,,2.8406973409761895,3.4499372650666693,2.124396300499685,2.854449101273016,2.8864932531222207,2.77345502841111,1.4828289054965855,4.236007885727699,3.2431371269030147
198,3.3945458617817494,3.354889503732697,4.531730783269839,4.137583292174604,2.6035401828147404,4.184582540126985,3.9594839616825417,1.7806840648523794,4.5709413747142875,1.402470999250805,,3.943710009119047,4.170833093460321,3.1839714944269826,4.954956359444444,3.4812412350476194,3.425060546476187,1.653790624083388,7.227075747214289,4.957421834486354
199,0.8392127608523813,0.9171508704211111,1.2406923194042214,,0.39805345030507927,1.6623069949761153,1.475025363437074,-0.05779737426652386,0.6524205062783552,-0.2903358808138094,-0.053970752925555546,1.2189158495495234,3.5937222253085768,0.7056062188789655,1.5445533036728956,1.3786687383422467,0.9943275376049838,0.45673168531216773,3.8114316074895216,2.4046328374261927
200,1.1561535812505273,1.4097958197523812,1.328825290267175,0.8318026601699212,-0.26577528948001916,1.4324379198971056,0.5966348930022791,-0.024441336274250765,0.18014343443565065,-0.11673185949804764,-0.006113394264980944,0.9748825833490224,1.728474710981313,0.5840212448437067,,1.171144974798255,0.8920102752365773,0.91550697549286,-0.43605815620192334,-0.17570115446944118
201,2.065261940849207,2.3334126239714275,3.8304117322142903,3.304795093047616,3.566703704638731,3.7801085057698423,5.201766337153682,0.8926898150141378,3.3949415282650763,0.33582560133066625,0.19760417249952394,2.633602239571427,5.158928131702018,2.3614595739761906,3.5311026233206335,2.9783973630396816,1.9836176096415907,,12.151117133442861,6.881157366723807
202,2.990740808028571,3.554159080939682,5.152995357825393,5.996229781738095,10.037975424428575,4.549084889079365,7.9749093343492,3.219839051352539,7.890562484126984,3.275736111563967,3.2591386180011095,4.612240308253965,4.565465128728573,5.733707608092063,10.83684259423809,4.3749851200476195,2.8626673127365083,,26.603646523523818,13.351088311761895
203,0.7180905033709529,0.8601956293495235,1.1373478305297762,,-0.2683769567593651,1.5615318211499256,0.15106454216678786,-0.19053793429896868,-0.08179179226896972,-0.6597509278788888,-0.33779209769142826,0.7624788166265707,3.793764082534289,0.1713835786612181,0.3568178653682688,1.0634953996433332,0.7617081156212697,0.44693082415334934,2.675074359009046,0.8082811834071424
204,0.9022124445222045,1.1344590377785078,1.0565544407738416,0.2718520812316761,-0.41693860887937184,1.548466740704965,0.18064462308462523,-0.45089856472579054,-0.155676707370131,-0.4638477104522668,-0.544028343303486,0.649420287530571,1.9210885344551558,,-0.13262481994623496,1.0452999514606511,0.7858115124939835,0.20461406409439994,-0.3128082044281073,-0.42357008359047615
205,3.5474706590452407,3.5524598214580947,4.807990713349204,4.514991552119046,3.25899873676381,4.751164072007934,3.6103592477432906,1.6150125299204765,3.737040984365077,1.2118961981897773,,3.974814461158732,5.169466625865085,2.854893214411112,4.6254536403730135,4.103345636341274,3.9667408980968286,2.203175579487304,8.545958399822224,7.679456107984134
206,4.070955334853971,,8.821956032095228,11.701889274523804,26.84727171403176,5.41344716769841,18.381663713396826,7.779828403444441,15.142788956079373,7.876890491857141,9.087535499039673,8.874668245261912,8.520942457769845,11.113499885142865,15.907959940412711,4.592705049111114,6.650471160388888,6.765937788820641,32.96366150498413,26.94964555931744
207,1.3126333968561914,1.5967495298222196,1.617567712909525,1.3869177202285716,0.8687908566014846,2.0927387494123812,1.58549039510238,,0.8381903373905468,0.49084220395007183,0.39492188257340827,1.4092063090571443,3.207037188737302,1.143987756920952,1.0027748823000553,1.7292265354800005,1.766042898824603,0.804272349024661,1.2617930130299988,0.9241980279698413
208,-0.03763500547215872,0.14455688324909854,0.29864790865231733,-0.5070610911042097,-1.1035487588046318,1.038445748184444,-0.48506279715269884,-1.5492958087385695,-1.0206835798192355,-1.533678121449048,-1.6255191755808711,0.17934698458744444,2.056417657176282,-0.7775001218750796,-0.7376274970214292,0.29799592520849194,,-0.5707460953865089,-1.0770699119889189,-0.8614729620641562
209,1.1534229025208518,0.9223530333002162,2.0909351584872975,1.5313734476357135,1.3425671850128589,2.1047222639515115,2.1308812425480625,-0.023797926889126995,0.7493107797051363,-0.6245151506574604,-0.43852413917831756,1.5676104714238088,4.040282200743658,,1.112153825798468,1.2201394186636754,1.0778198982158729,0.7316494543792167,4.295388211519049,3.8081807570169843
210,2.121073445846437,2.348884800769842,3.572528062138091,2.9817277257460293,0.1329174807797143,4.115314307257147,2.1697177527233746,1.4514794809620628,2.396867843861909,0.3651376751268253,0.46774915846514314,2.605158511587302,5.724707885428569,2.6456765185952364,2.8942008456269854,3.0761865437755556,3.6406445142368553,2.1163513205357147,0.3567158156119997,
211,0.5957443275385853,0.8321649542736668,0.23744864135854754,,-0.5240677670339366,1.215186982402383,0.15719938055241287,-0.3677635007785714,-0.027894911300269862,-0.5045556658926984,-0.5607828573738565,0.3786077854293094,1.7866176204058593,0.14246646643309524,0.0920185966780158,0.4927633945741029,0.37832191384070635,0.17465617212928564,-0.708095808685873,-0.30886614746053975
212,0.7625666305512993,1.2459903074769847,1.0809130281386505,0.5132419219388555,-0.21618486373937143,1.1596404577714294,0.2308530740771952,-0.17495906872739678,-0.2089869311402382,-0.3755030932865084,-0.41665516625680016,0.5268217533807142,2.5632994158392086,0.1543040611600871,,1.1770293102539684,0.9479754512206351,0.6052110604371119,-0.5648237310137335,-0.10507313391001274
213,0.5855284334548837,0.5964754320707755,0.07916832661239374,,-0.5972509129249816,1.033614124801151,0.3336564821383335,-0.1834281686641437,0.09371803308431433,-0.22704052664700083,-0.1444291518250286,0.2785716669227411,0.9058936210858264,0.24978833217853005,0.22838376429276203,0.6267459225835763,0.40177703145670457,0.24913509891140864,-0.7160625691766663,-0.08450308930854304
214,-0.22156273190925702,0.21230245946028253,0.37493585133092117,-0.7261516202655558,0.08449352459825636,0.8312399729893276,0.8915201681888593,-1.1311938323279342,-0.21631212852938103,-1.5959062948666043,-1.2133514352572048,0.2929190481789687,3.0655455241496044,-0.6310248294846512,-0.19537613847602936,,0.033096023427126975,-0.2689022477522198,0.6101258636640664,0.4424019647520025
215,0.24387826829477632,0.701470805993809,0.5130541477320637,0.04718870554130154,-0.5296826939674599,0.816329724583968,0.3869695509626353,-0.49336883976142826,-0.10998170565703176,-0.6309556422880954,-0.855059288393937,0.45057118505841326,2.671367639548017,,0.16439524220760315,0.28458842056724387,0.7838675252776189,0.4227005501711618,-0.2347958204748789,-0.37248044697507954
216,,0.6008984257614925,0.5175942843446374,0.33193589076425645,-0.44663565860365034,0.8493291099372228,0.3676949288461903,-0.024648019007121214,0.34811223210571385,-0.12629261321259733,-0.19418374498888888,-0.06983344258971137,1.7288284635019053,0.1346623941758731,0.3626322681280947,0.4339494251649844,0.6776076312039679,0.635198387194798,-0.6360858725944448,-0.46728845467142854
217,1.786475179438094,1.9250100753476167,2.2425578021888897,1.770177596643808,0.21682789081958734,2.6002137437500017,1.091181440343716,0.803194728406507,1.110076814783809,0.8082177596231733,0.328339693063492,1.9118636285055546,3.2541349332523803,1.0756276334985715,1.0250145544999996,1.9683706691603156,2.2195790805952367,1.1387747703619062,0.19536151679391273,
218,0.4321292043100793,0.5258957812323802,0.6316378867623804,0.2265568850032222,-0.17864554469497132,1.0581374506133345,0.37989026362198447,0.2265980279859051,0.08553346308176193,0.0374361095580476,0.051285231886952304,0.3287651757465871,1.8860296886457144,0.33507732080936475,0.21009242544476178,0.425885284448095,0.5480470460280156,0.417406064715714,-0.17264982394323664,
219,0.5241108755290477,0.8664830971852374,0.5398053846288892,0.13442746414888893,0.017584231478650795,0.9089233545439671,0.4288528600123809,0.022190514106028576,0.1711962610704127,-0.08371917149688891,-0.2435967511262063,0.1585352819611904,2.6157116322301603,,0.27039839980422187,0.5674119876941034,0.8214755826147622,0.6639018061141393,-0.06092380630237088,0.019014502539152954
220,0.6702043876449495,0.8105293603573018,0.9753809740278574,0.47224908463424464,0.06531304271631744,1.0253712462901587,0.23461396567546042,0.37293124219828544,0.10530956970728585,0.18123030757539696,0.10467837152009538,0.535567230679571,1.73916909546619,0.24993173048414286,,1.0342560853606355,0.7162532066001591,0.8150311956061901,-0.3829581658311431,0.21244011499599996
221,-0.5637301279582538,-0.5725182653278411,-0.5089947662838095,-0.9502961587934927,-1.4475136525698422,,-0.8454903968888884,-1.5275426919222221,-1.3589105453492092,-1.5612966893761893,-1.6965177316571427,-0.510503119129524,0.1921371244704761,-0.9540025990460319,-1.4910440689126996,-0.013567897764126967,-0.2547526661720634,-0.8397905918055566,-1.650602468087302,-1.42659297047143
222,0.07695596914971435,0.37435934530477794,0.1787343601433808,-0.03011325355678264,-0.39565613785809556,0.6035115249701907,-0.0035543596168889032,-0.0034299809490317412,-0.11844293277725394,-0.3223304424717618,-0.4408583231078732,-0.13060826675755152,2.151633772274442,-0.24896340541715006,-0.16513505971068268,,0.03587688621024208,0.2971076409862226,-0.4048785160949206,-0.31625637949880936
223,-0.27857500648128575,0.11646357688678938,-0.05679347913541273,-0.4219656834438066,-0.7332090041150792,0.3903458337422699,-0.23119513880433937,-0.6363513088542533,-0.6511774072749211,-0.8624980404341265,-0.9646148055301983,-0.3138130417351588,3.0086677640055544,-0.4904535651273891,-0.5582030291344763,,-0.13626955428207949,-0.3778583929955001,-0.6033193827344757,-0.4450498905972696
224,0.5101184863276187,0.7446860960887156,0.7653285082419838,0.5749844646583177,0.3700171790047619,0.9210281169780957,0.8279966777717142,0.3665335389756507,0.26371010424996855,0.34906383099428545,,0.7549497027974604,2.016671691761111,0.549999680365905,0.3027618367334923,0.5065429990900788,0.5126812970438092,0.7153468744592701,0.28856066059412705,0.41329110688904747
225,0.09928420337531749,0.34436662862450745,0.26625089497571397,-0.21580169263401147,-0.38066013625150796,0.5735395285707133,-0.026146720353873002,-0.3164295570504111,-0.5784723616613491,-0.40139954393041116,-0.4049167196990474,-0.0796482076731703,1.6342356806785718,-0.30026658871733364,-0.6188463767126189,0.4506243814596828,0.13184838486431388,,-0.45987613736011246,-0.30487708811190484
226,0.8556205520838094,0.8984882790379224,1.2701326149266823,0.7035713087976196,0.07546618467093648,1.4867442734650789,0.8129761577858725,0.10633266139099216,0.18286652511776194,,-0.12261357108442844,0.7876261473104623,2.151121158864444,0.5337696243706669,0.20089253164384432,1.0614076392249219,0.9538080526228885,0.5628677869207613,-0.011582818924650786,0.13676510246867962
227,1.1120391902246018,1.0499984725955558,1.1956489091230142,0.8294056458573806,,1.2419179918460312,0.576223251240619,0.3939247234022147,0.36070264461117507,0.2523923345670079,0.40225604255382547,0.9437272540134923,1.9426842905317465,0.6461163041084756,0.2949856976881749,1.0741468520217459,1.122292018373016,0.8412888331287929,0.14864214513444454,0.11753023308417455
228,0.021563879131133345,-0.03282039493382542,0.17969790871620628,-0.3101168911509503,-0.904745427560317,-0.06119759625994443,-0.391642768574301,-0.15769085625666665,-0.47679997279552344,-0.8796349090165072,-0.7567381126919044,-0.13263234773299995,2.3475976611630465,-0.5205933906371358,-0.6903019492714288,,0.5007771900903172,0.18869612044857131,-0.6064484172292853,-0.8346511085578068
229,0.31873921228432683,0.2618121109026031,-0.5324966463849203,-0.0003567796417595772,-0.8266317850157132,0.9101097642624286,0.14177810106236513,0.15867902166238101,-0.1579224360035556,-0.8185031198480943,-0.8289518819253957,-0.5111706271087303,2.23006384258984,-0.2659056632392149,-0.48136914242752415,,0.18247222565311108,0.48783782733793696,-0.3663266850720637,-0.6794016184099996
230,1.6727877534650775,1.5920218096461907,1.1809137104973002,0.83721050967508,0.7441153364487936,1.98989057011754,1.5481667716396823,1.1459404233079364,1.1791865781222202,0.9395677445111102,0.7802362708879366,1.6730251134238068,,1.0137688117227772,1.2295353875190458,1.7074702992175863,1.7472340690134889,1.4971938157088884,0.5700692549797457,0.8338728421909521
231,1.4521683960968248,1.4912376813788617,0.8536818534499702,0.40019013748158705,0.8612550076694752,1.9343136088309536,1.4473285366015867,0.9102103423468257,1.0204393435952368,0.890077209965079,0.7406405626825394,1.4816543607256851,,0.8883211383369044,1.2023019234142842,1.5682423191595218,1.6182584424463191,1.21908129146984,0.5379517422516342,0.9512213151761909
232,0.7605298058795238,1.151227882735715,1.2284873262214282,0.6337049482041903,-0.2963775372058586,1.6551270146301582,0.8263869497056194,-0.533501514507365,-0.12847395341138107,-0.5406822055574605,-0.5739387395301585,0.8725611857015088,0.7771416911639366,0.23715923508652387,-0.23121988225563453,1.1144891902293652,0.808344003847619,,-0.22491188160396772,-0.12778495614706356
233,0.9074568017085712,1.0540077058714281,1.3566979277020628,0.8908423739019055,0.0336073800092857,1.6560484803785709,0.9703201509040957,,0.04725530432226987,-0.09766522817407938,-0.39507864756514305,0.8334315095546041,1.0673704151985708,0.6392698545479368,0.04781817597795234,0.9733199876533338,0.849339342588571,0.694342976734984,-0.2166441075336509,0.29538609362873025
234,0.38762001141269853,0.6894709077611118,0.4517174428578204,0.10907136075585715,-0.13844016410490473,0.9788372333598414,0.3619039949204757,0.0009906977149603097,0.07012360573717454,,-0.23908775793726184,0.2780831208267432,1.448962703931761,0.18656488103420632,-0.08120719225057145,0.2996884695986186,0.5804674764244127,0.6164080364906186,-0.27347865365476176,-0.12034871458425404
235,0.7546924729346033,1.0438790811573027,0.9982853228426626,0.5021004910204764,0.021713387087999993,1.440816187569683,0.8522276179139058,0.10738369556084125,0.21797033150074627,,-0.15509012122415866,0.9119778432978565,2.037945631796524,0.5974255615040319,0.4169868709823488,0.8276174850180165,0.9203070020826979,0.7790101674215077,-0.047128194346825324,0.0508351755220635
236,1.0694747601642862,1.3993288983714263,1.3862725932458861,0.8141205847199999,-0.23935723991571456,1.9825986675587286,0.7385012569422222,,0.34931336489577774,-0.047392963251349285,-0.32759511340761915,0.9029197320085716,3.167351211957144,0.7285339777431734,0.457600929688095,1.2246613175665073,1.4062690045825372,0.90651502236992,-0.12066842056301579,-0.010067743787460316
237,-0.3449557711627777,0.24362570174461912,0.22807294403222225,-0.43090234667067556,-2.402659358365081,0.8089015698336827,-0.7044380119617595,-1.6876667886269832,-0.7611604436128886,-2.03353172213016,-2.173059464707938,-0.2047350627161906,2.6553097893704782,-0.4464600925062294,-0.8683324055332037,,0.6042969396273813,-1.1986822430420645,-2.3966561095301593,-2.1932534320277783
238,1.1177722247847615,1.6840089163987018,1.4045223589411253,0.7822524591494435,,1.845865282745238,0.9815681309320639,0.4084625561289763,0.4476168675720949,0.10940984901619062,-0.02105011173276184,1.3468388547781087,3.8013093386420653,0.5472747778830952,0.5751181586471263,1.2390312239611105,1.4859202067383832,1.0734765511861892,-0.006000686514660889,0.07264975678439684
239,1.0194202229868243,1.4760091930717172,1.5705317597063497,0.8119821419307927,0.056034803482063536,2.1302489405126988,1.0437119694341273,0.14474901113976174,0.4464627659497617,,-0.16374298858761896,0.9599528084523808,3.5701739970325432,0.6053130591692062,0.5899413023521906,1.2065100588006337,1.322834692941268,0.9629367626844132,0.004139906430158724,0.17497193560539684
240,0.8541662423595241,1.2898567963210754,1.2448319540896469,0.6038034232522225,-0.7432406315649209,2.01949483194127,0.6681516484798415,,0.18263294099073035,-0.39744238159412715,-0.7468498311671438,0.7549849655313925,3.517096236518257,0.6534769889466664,0.3647507962095238,1.0092798464207922,1.2346779472777771,0.6651379669055557,-0.622603620449207,-0.5382687692836506
241,0.9706210310817451,1.291130614531746,1.1740577485126984,0.8021821333804594,,1.727923873003966,0.9474731089626188,0.4276806002539285,0.4475297509385715,0.3055091807535472,0.09248599903652382,1.0506369937158744,2.8231465734626955,0.5978197074663495,0.48041802857523763,1.0372719310809526,1.3231559949880574,0.9422423434233317,0.20154013017412717,0.28287546449952394
242,0.7807790183273009,1.190331295648096,1.2901899832952384,0.6494128692047612,0.8954162415547606,1.6192281973614258,1.3074849335074452,0.9583748555993638,0.6207204422020178,,0.3657508357295241,0.8546787052082534,2.72629357991143,0.6950035024874607,0.6900941301160176,0.7638747044714284,0.8191012206230155,1.3088132146830145,0.7015643312971429,0.9001336024358727
243,0.9973712304511096,1.040592515691509,1.0854769486526197,0.7725506223990473,0.5482461667267102,1.5278852570923809,0.9331592228671426,,0.6732564778008574,0.8351389045936504,0.5223733500773807,0.8471454121869041,2.4173956918222226,0.97255157744492,0.9341485939751123,0.956446416147381,0.9524514816801579,1.2106312822566658,1.037890259440758,0.5425835184875668
244,0.9701931097476186,0.6603717834085713,0.619849333594444,0.4974249580044446,-0.15232403415662335,1.4909115802213617,0.3833171740926192,-0.08935425125317446,0.059075031914984207,0.3825739658874601,-0.21292060167527435,0.5985617188555558,2.2332094559846047,0.26661400354023784,0.1305230634814877,0.685758766778254,0.7561979026045716,,0.2413846271471861,-0.12375094068014696
245,0.26454964558293664,0.12208403170936512,0.15698743372015883,-0.12019440253349205,-1.369171011517065,,-0.21340763070269853,-0.35011328951404763,-0.38509621981761893,-0.37734641028230176,-0.5259016729114288,0.020085272763015846,1.7676091973361883,-0.14638231983079378,-0.43262977287555515,0.33834192722404804,0.4847619356888886,0.1282314250609524,-1.3505890235732552,-1.3688152583110338
