position,wt_aa,observed_ddg_mean,observed_ddg_max,observed_destabilizing_fraction,predicted_ddg_mean,predicted_ddg_max,predicted_destabilizing_probability_mean,af2_plddt,af2_neighbor_count_8A,af2_is_buried_proxy,is_globular_domain_region,hotspot_score
171,C,12.570946842105263,33.325,1.0,12.41236098450919,32.1433274171746,0.9934477712135366,92.19,15,1,1,0.9972789115646258
206,C,13.34472894736842,42.5364,1.0,12.498090430433168,32.96366150498413,0.9921378904419699,91.56,14,1,1,0.9938775510204082
167,F,4.039622631578948,7.17254,1.0,4.125886451492057,5.8118047911587265,0.9799498660321602,90.56,14,1,1,0.9748299319727892
153,V,7.847904894736843,31.1917,0.9473684210526315,7.273653125698414,27.66465206611111,0.952629443858891,91.5,16,1,1,0.9687074829931973
202,V,4.947144684210526,16.4049,0.8947368421052632,6.886421781516632,26.603646523523818,0.9279507673159336,92.5,14,1,1,0.951700680272109
205,M,4.3573786000000005,11.7097,0.9473684210526315,4.091088898868509,8.545958399822224,0.941120429485764,90.12,13,0,1,0.94421768707483
172,V,2.7180143157894734,6.93547,0.8947368421052632,3.892426558569325,14.327863173773016,0.914441713950554,93.31,14,1,1,0.9326530612244898
150,P,3.8292231578947367,9.64134,1.0,4.059861790403173,10.044903258736523,0.975515787863468,87.38,10,0,1,0.9326530612244898
175,T,4.280843,15.1986,0.8947368421052632,4.072546623380478,12.396479183596835,0.8909058378867023,90.62,12,0,1,0.9244897959183674
123,G,5.291076263157895,11.2874,0.8421052631578947,5.416025400961112,9.54168860094445,0.8778164910178677,84.44,11,0,0,0.9163265306122449
201,V,3.9817284736842105,20.3945,0.8947368421052632,3.504363320851179,12.151117133442861,0.901516633533899,90.88,11,0,1,0.901360544217687
198,M,5.363502789473684,14.6945,0.8947368421052632,3.732553342534698,7.227075747214289,0.8649169484429308,89.38,11,0,1,0.8972789115646259
155,Y,3.7522568947368424,5.96902,0.9473684210526315,3.4638989464191594,4.687798467225393,0.7136621321630153,89.19,13,0,1,0.8857142857142857
168,V,2.591246557894737,7.31913,0.8421052631578947,2.787359894358378,5.766165136392061,0.8639808622571257,92.19,12,0,1,0.8782312925170069
142,Y,4.214670631578947,11.8274,0.8947368421052632,4.040840389980729,6.910240870928571,0.8826686403704646,89.25,9,0,1,0.8775510204081632
122,L,1.8446662105263159,3.24033,0.8421052631578947,3.1160986485886384,5.394610200542867,0.6745765007109654,85.44,13,0,0,0.873469387755102
176,I,2.503553947368421,5.84014,0.8421052631578947,2.6279822159650066,5.0436593569531025,0.8568309414278419,89.88,12,0,1,0.8714285714285714
210,Y,2.3542085810526316,9.4222,0.7894736842105263,2.378054720477621,5.724707885428569,0.8137040992593527,88.0,12,0,1,0.8605442176870749
154,Y,2.3186866315789474,4.84208,0.7368421052631579,2.4197942506546153,4.377298410896823,0.7597506092442864,90.06,12,0,1,0.8537414965986395
139,D,2.133239842105263,10.0195,0.8421052631578947,2.0599266269037826,4.958534684714291,0.8345216132878794,88.31,12,0,1,0.8537414965986395
174,I,2.5310229684210523,5.84381,0.8421052631578947,2.591323923201418,5.00478279450288,0.8561095553029038,89.94,10,0,1,0.8496598639455781
157,P,1.9025642105263156,3.01365,1.0,1.9279319788536804,2.6604506838809514,0.9730462670999701,82.62,9,0,1,0.8489795918367347
197,M,3.8980853157894737,6.70965,0.9473684210526315,2.6429996344398314,4.236007885727699,0.7203215200254495,88.31,9,0,1,0.8204081632653061
190,F,3.0848466842105267,5.28244,0.8947368421052632,3.140249386025077,4.464883649801585,0.8849954808008913,81.0,8,0,1,0.8068027210884354
209,Q,1.6650921578947369,6.12809,0.6842105263157895,1.5153659491682883,4.295388211519049,0.667748870132676,88.19,10,0,1,0.7993197278911565
156,R,2.03622807368421,7.82832,0.5263157894736842,1.824886038016663,5.2963776224844406,0.5663633766590567,87.19,10,0,1,0.7979591836734694
134,G,4.051256842105263,7.10856,1.0,4.00228526531202,4.904927184788251,0.9869167928929874,85.31,6,0,1,0.7931972789115647
158,M,2.2550272789473684,3.60887,0.8947368421052632,2.144528863043396,2.8854338624168236,0.6027612220625248,74.12,9,0,1,0.7891156462585034
138,E,1.4707503684210526,3.18473,0.7368421052631579,1.4361061519487166,2.5079762296799952,0.7664997550458083,88.5,9,0,1,0.7863945578231292
121,V,,,0.0,1.246104728956475,1.9837535195826992,0.4689174259931068,85.12,12,0,0,0.7843537414965986
207,I,1.367988894736842,4.1133,0.7368421052631579,1.3385990392732283,3.207037188737302,0.7696977544677207,90.5,9,0,1,0.7836734693877551
119,G,2.9267936842105264,5.27821,1.0,2.912713521727212,4.283493028047619,0.9792805984153303,79.25,6,0,0,0.7605442176870748
113,V,-0.43372836315789476,-0.0492318,0.0,1.9966975181373428,2.6362923075420626,0.31514877284597653,50.34,10,0,0,0.7598639455782313
120,Y,4.113108421052631,7.24391,1.0,1.0761342163455423,1.9809222611574588,0.4359364743577442,83.94,11,0,0,0.7598639455782313
133,F,3.862266857894737,6.23187,0.9473684210526315,3.8118231465250823,5.277553972136507,0.9269786246663925,85.0,6,0,1,0.7537414965986394
187,G,3.164197894736842,6.15612,1.0,3.0936416654260306,4.684255096014594,0.9723848566074693,77.62,6,0,1,0.7523809523809524
114,V,0.39640318421052634,1.60208,0.10526315789473684,1.953314774723032,2.5596866801150795,0.36785234578967047,54.62,9,0,0,0.7510204081632654
199,E,0.22858734263157893,4.72814,0.15789473684210525,1.2048078032238696,3.8114316074895216,0.38672433797083317,90.94,10,0,1,0.7503401360544218
149,Y,2.9552533157894736,5.31141,0.8947368421052632,2.881295245794439,4.675931695952377,0.8878613941029182,87.62,7,0,1,0.7482993197278912
135,S,2.3166133157894735,5.66424,0.9473684210526315,2.22453272038061,3.2505528067744303,0.9332746165153067,87.25,7,0,1,0.7428571428571429
12,F,1.6306317000000001,5.72608,0.6842105263157895,1.5890030063819833,4.203110905555562,0.7118446900403494,78.5,8,0,0,0.7360544217687076
146,M,1.3820313947368421,3.73726,0.7368421052631579,1.3321102786614631,2.7996595733849188,0.7911751365788519,87.38,8,0,1,0.7333333333333334
118,G,-0.4912453052631579,0.0115452,0.0,2.7919868656068925,3.3533435092653967,0.7697594474367939,68.5,7,0,0,0.7292517006802721
117,L,2.268966052631579,5.06459,0.8947368421052632,2.261512793862471,3.7036858263825394,0.8615954124353479,63.53,7,0,0,0.725170068027211
217,Y,1.5543384736842107,5.77052,0.6842105263157895,1.4458420795303457,3.2541349332523803,0.6524956163763186,75.94,8,0,1,0.7251700680272108
8,M,1.3932459473684211,3.38107,0.6842105263157895,1.3466329153436174,2.7664598150872997,0.6913259900129722,80.19,8,0,0,0.7251700680272108
131,I,2.2637485263157893,4.01397,0.8421052631578947,2.2792202376874844,3.4868233049682553,0.8443755131437221,84.81,7,0,1,0.7224489795918368
141,Y,3.1279247368421053,5.77284,1.0,1.752061727264608,3.1320203350668274,0.49962138486095076,89.31,8,0,1,0.7197278911564625
85,G,4.317437368421053,5.6846,1.0,4.288841651164995,5.8515967513254035,0.9918792654449977,28.77,4,0,0,0.7149659863945579
195,V,0.6001098947368422,3.61039,0.3157894736842105,0.6503071589440873,2.6112642734707134,0.3792996156355191,87.38,10,0,1,0.7081632653061224
145,N,1.249213652631579,4.37597,0.5789473684210527,1.142681180146149,2.787831843122366,0.620735300061808,88.62,8,0,1,0.7061224489795919
203,E,0.4012354894736842,5.47843,0.21052631578947367,0.7226270969838859,3.793764082534289,0.29195188776154274,91.94,12,0,1,0.7013605442176871
7,W,0.8748646789473684,2.01858,0.42105263157894735,1.4931782259162827,2.0675681738052374,0.40431403105735997,77.75,8,0,0,0.6965986394557824
64,G,4.21214,5.72381,1.0,4.17093674290685,5.716677242968258,0.9741433799936761,29.89,4,0,0,0.6945578231292516
86,G,3.495724210526316,5.3685,1.0,3.5279899534853794,5.1051428477619005,0.9876684441358705,30.34,4,0,0,0.6918367346938776
55,G,3.9500052631578946,5.01302,1.0,3.9980337902293765,5.677288385285719,0.977561939410191,38.94,4,0,0,0.6918367346938776
62,G,3.5819357894736843,7.04208,1.0,3.5750652204259366,6.357487588320349,0.9864630554716587,35.75,4,0,0,0.6904761904761906
129,P,3.0467342105263158,4.08682,1.0,2.0063433681364757,2.5299303073133323,0.6142562137959592,84.94,7,0,1,0.6884353741496598
161,Y,3.6666131578947367,5.16871,1.0,0.76635625519642,1.4656333997711941,0.3423635253874971,82.12,9,0,1,0.6870748299319729
238,F,1.0443159789473686,5.14479,0.47368421052631576,0.9945287745285079,3.8013093386420653,0.5018979645317155,84.12,8,0,0,0.6870748299319729
84,G,3.262161052631579,6.69701,1.0,3.304972851687788,6.4414644138362265,0.9908069301042592,32.44,4,0,0,0.6863945578231293
58,G,4.006800526315789,7.87389,1.0,3.8953587997008223,6.52135938584416,0.9753226722070223,40.84,4,0,0,0.6863945578231293
70,G,3.662377368421053,6.9549,1.0,3.599268077886019,5.531964386087312,0.977840307470467,30.59,4,0,0,0.6863945578231293
66,G,3.5076394736842107,6.523,1.0,3.437071798820688,6.0412709754285725,0.9853823479248177,37.69,4,0,0,0.6836734693877551
11,L,1.110947052631579,4.12634,0.3157894736842105,1.0043848452206785,3.207304419701668,0.46205053400704743,79.81,8,0,0,0.6816326530612246
152,Q,0.2590722105263158,2.04322,0.21052631578947367,0.6250007957036279,2.7029443368252397,0.30548887911338235,89.5,10,0,1,0.6782312925170068
200,R,0.40716647368421055,2.40932,0.15789473684210525,0.6408954301730585,1.728474710981313,0.3519624815014088,90.19,9,0,1,0.6775510204081634
233,I,0.5634320684210526,1.70462,0.2631578947368421,0.6109013946005263,1.6560484803785709,0.31451199880276604,72.5,10,0,0,0.6768707482993198
239,L,1.0308177894736843,4.62899,0.47368421052631576,0.9437990706891931,3.5701739970325432,0.457293832093342,85.75,8,0,0,0.6748299319727892
9,L,0.9418757368421052,2.96914,0.42105263157894735,0.9369991789358277,2.9836462258659475,0.4507119837881859,74.81,8,0,0,0.6707482993197278
53,G,3.2218921052631577,6.3037,1.0,3.2071500598312297,5.935053403852099,0.975204538093822,36.0,4,0,0,0.6687074829931973
80,G,3.3690494736842105,5.98346,1.0,3.3146742555386965,5.087638905087306,0.9638150930553163,32.31,4,0,0,0.6646258503401361
82,G,2.885738421052632,4.28383,1.0,2.891959798918528,3.872173849367623,0.9764359070245822,37.72,4,0,0,0.663265306122449
236,I,0.8378358789473684,3.12187,0.42105263157894735,0.8309673600467956,3.167351211957144,0.40442368321274474,80.44,8,0,0,0.6612244897959184
16,W,0.9331922368421052,3.44652,0.42105263157894735,1.3943268490544434,2.0282070985211123,0.29898269645222725,63.97,8,0,0,0.6598639455782312
110,A,0.9882672589473684,2.12732,0.5263157894736842,2.09835548954645,2.403024150961826,0.18789382239110877,40.41,8,0,0,0.6585034013605442
241,F,0.8916056315789473,3.4505,0.3157894736842105,0.8908263793601028,2.8231465734626955,0.385611011943611,82.69,8,0,0,0.6585034013605442
116,G,2.9576499999999997,6.27078,1.0,2.948023449507198,4.5732774234190385,0.9691728239911174,62.94,4,0,0,0.6578231292517006
10,V,0.08843082105263157,2.38076,0.10526315789473684,0.7134207406923933,2.0170568395961896,0.4038322579673421,79.75,8,0,0,0.6462585034013605
45,G,2.948742105263158,4.47539,0.9473684210526315,2.9451235160134663,4.037691699277781,0.933877046782908,39.5,4,0,0,0.645578231292517
227,F,0.6799034352631579,1.60548,0.3157894736842105,0.7655748860055521,1.9426842905317465,0.3788926983322581,52.75,8,0,1,0.6421768707482992
54,G,2.534023842105263,5.8591,0.8947368421052632,2.5374694925583126,5.344758439498418,0.9512990704924441,37.06,4,0,0,0.6387755102040816
230,P,1.3290795789473684,2.21461,0.631578947368421,1.256958266952377,1.98989057011754,0.6455334313756207,61.72,6,0,0,0.636734693877551
232,V,0.3886853105263158,1.98221,0.2631578947368421,0.38990887174666833,1.6551270146301582,0.2958595434380648,69.5,10,0,0,0.6360544217687075
226,L,0.7171081578947368,2.75996,0.3157894736842105,0.6655926426681192,2.151121158864444,0.3429060213675263,52.47,8,0,1,0.6312925170068027
46,G,3.419161052631579,6.4657,1.0,2.6295182239990633,3.9498257352111112,0.9028328310797893,37.31,4,0,0,0.6292517006802721
242,L,1.0127537368421053,2.8836,0.42105263157894735,1.0072234559822932,2.72629357991143,0.4392389246316027,83.81,7,0,0,0.6272108843537415
231,P,1.1274852631578947,2.0179,0.5789473684210527,1.129925011214701,1.9343136088309536,0.6044591256411193,70.62,6,0,0,0.6231292517006803
71,G,1.8203064736842105,4.01669,0.9473684210526315,1.7993685568760218,3.065641219264448,0.9509074379392025,38.75,4,0,0,0.6156462585034014
35,G,1.829552894736842,4.28239,0.9473684210526315,1.815711504326073,3.1473889428095236,0.9468758983044505,36.88,4,0,0,0.6156462585034014
240,I,0.5480510947368421,3.6021,0.2631578947368421,0.6323124921676434,3.517096236518257,0.31486881431420716,85.38,8,0,0,0.6136054421768707
42,G,1.6633705263157896,3.71233,1.0,1.6179171907893233,2.9081456169351516,0.9509319932879482,37.03,4,0,0,0.6129251700680273
235,L,0.6939074368421053,2.76901,0.3157894736842105,0.6462608426127519,2.037945631796524,0.3042487298894003,80.25,8,0,0,0.6122448979591837
204,Q,0.38258219178947367,2.54315,0.21052631578947367,0.3578963513386693,1.9210885344551558,0.23731011166149582,90.69,9,0,1,0.5972789115646259
78,G,1.578535,3.57788,0.8421052631578947,1.5780328796091598,3.014295457494605,0.8891376099317609,35.84,4,0,0,0.5938775510204082
196,K,0.6710066421052631,2.64339,0.2631578947368421,0.6215362244639447,2.190558372745079,0.27560820165357586,88.94,8,0,1,0.5931972789115646
213,E,0.8185410210526316,5.11707,0.3684210526315789,0.19524957110773877,1.033614124801151,0.27911404517173466,81.88,10,0,1,0.5925170068027211
192,E,0.8231328947368421,1.49139,0.47368421052631576,0.7911944836643993,1.232495307762173,0.4888036881792604,84.69,6,0,1,0.5918367346938775
212,R,0.4186806947368421,3.35526,0.2631578947368421,0.4687189728511621,2.5632994158392086,0.3019481894697615,85.25,8,0,1,0.5863945578231292
179,H,1.4159857068421053,4.86877,0.5789473684210527,0.23190078717226417,1.1451191776275145,0.23402476223327554,85.69,9,0,1,0.5741496598639456
243,I,-0.03960495157894737,1.39991,0.05263157894736842,0.9898576278838999,2.4173956918222226,0.3406809138244656,83.69,6,0,0,0.5741496598639456
140,R,0.4943924473684211,2.68901,0.15789473684210525,0.5183231087078553,2.1136858530107157,0.19631774090675402,90.25,8,0,1,0.5714285714285714
220,R,0.9338871842105263,3.45111,0.3157894736842105,0.5230264234583736,1.73916909546619,0.17550213919819946,66.0,8,0,1,0.563265306122449
177,K,0.5361434210526316,3.21186,0.15789473684210525,0.5052628218619931,2.292280402502698,0.18526409137712826,88.38,8,0,1,0.563265306122449
144,E,-0.07374163789473683,2.31259,0.05263157894736842,0.4660051857758603,1.0014636989063812,0.3860734657824923,89.62,7,0,1,0.561904761904762
40,G,1.3017309178947367,2.64121,0.6842105263157895,1.3346902890019534,2.4577841204627076,0.7611862113342045,40.88,4,0,0,0.5598639455782313
143,R,0.6503804052631579,3.97591,0.2631578947368421,0.6495318628892264,2.8779508288896833,0.2950373964952591,88.81,7,0,1,0.5578231292517007
34,G,4.627689999999999,8.6205,1.0,1.7246193082199694,3.0504397607565084,0.6074358966253988,39.03,4,0,0,0.5571428571428573
214,S,0.15940165578947366,6.29713,0.21052631578947367,0.03362100746687254,3.0655455241496044,0.22209511527143255,80.94,9,0,1,0.5387755102040817
224,M,0.6786640526315789,3.25223,0.10526315789473684,0.6186459396329166,2.016671691761111,0.11488672700172764,48.09,8,0,1,0.5360544217687074
94,P,1.0638011578947368,1.74429,0.631578947368421,1.0195392180178815,1.3844144125703182,0.6410779225366218,54.22,4,0,0,0.5326530612244899
126,M,1.8943045631578947,5.138,0.7894736842105263,0.4474970899306161,1.0720423870110314,0.2829252747798174,84.0,7,0,1,0.5238095238095238
183,T,-0.014807852631578923,3.49827,0.21052631578947367,-0.10375829171743102,2.7523846818825692,0.18886969880312537,80.19,10,0,1,0.5204081632653061
74,G,-0.24886395578947368,-0.00641106,0.0,1.1806132517249697,2.069119035550157,0.45462450336334453,39.56,4,0,0,0.5190476190476191
128,R,-0.03584081052631577,1.66348,0.2631578947368421,0.019541493717003713,0.9557935081497958,0.31615634668413223,84.0,8,0,1,0.5142857142857142
218,Y,0.3010968052631579,2.93912,0.05263157894736842,0.3923741021713733,1.8860296886457144,0.12574432759485496,71.94,8,0,1,0.5115646258503401
100,N,0.9181976263157895,2.01304,0.47368421052631576,0.8562750869745529,1.4881150160141272,0.5020256306081731,44.53,4,0,0,0.5108843537414965
234,L,0.20055656526315788,1.66294,0.05263157894736842,0.2951235505418182,1.448962703931761,0.14890416077174465,75.88,8,0,0,0.5034013605442177
186,K,0.5160621,2.21171,0.21052631578947367,0.5141929116375781,1.642887202889696,0.24990828726209793,77.69,6,0,1,0.5020408163265306
136,D,0.5972567263157894,1.32898,0.15789473684210525,0.5961918541143021,0.9063126562246978,0.20666656452065943,88.88,6,0,1,0.5006802721088436
32,N,0.9850474052631578,2.5432,0.47368421052631576,0.8195024342106033,1.8065841927838104,0.47315969680929904,35.94,4,0,0,0.5
216,A,0.3667793789473684,3.25761,0.10526315789473684,0.26439345449796287,1.7288284635019053,0.13014893284642606,80.12,8,0,1,0.491156462585034
39,P,-0.3581450736842105,0.58647,0.0,1.1136929369484951,2.032168791095396,0.3281522137366992,44.16,4,0,0,0.4891156462585034
170,D,2.7334318947368423,6.04482,0.9473684210526315,-0.0534855910936248,1.1746862406735632,0.15145699079509156,91.88,9,0,1,0.4884353741496599
19,L,0.25424384736842104,1.42376,0.15789473684210525,0.40094534389505165,0.6898985985446029,0.15708977841652025,55.81,7,0,0,0.47891156462585033
37,R,1.0640874647368421,3.50611,0.3157894736842105,0.9860268709634054,2.5494872880790482,0.32485136998459846,41.75,4,0,0,0.47823129251700686
219,Q,0.5240377421052632,4.19356,0.05263157894736842,0.43904123719661936,2.6157116322301603,0.07698826949827718,71.56,8,0,1,0.4761904761904762
137,Y,0.5042304321052631,1.29529,0.10526315789473684,0.5491166868466476,1.0658823728523086,0.15188420555743815,88.88,6,0,1,0.4748299319727891
211,E,0.17716464736842105,2.87936,0.10526315789473684,0.1832194514258013,1.7866176204058593,0.12761921321234948,87.38,8,0,1,0.473469387755102
178,Q,0.023077305263157877,3.29169,0.10526315789473684,0.1363421576765682,0.8610839427954043,0.14948835998965088,86.19,8,0,1,0.473469387755102
191,T,0.14407494736842105,1.37128,0.2631578947368421,0.2505211426720365,0.8866247657538094,0.31236716951955923,84.75,6,0,1,0.46938775510204084
194,D,4.475706315789473,9.11423,1.0,-0.005228771869466913,0.929482095317889,0.1641929156560739,87.62,8,0,1,0.45850340136054424
68,P,-2.0610494736842107,-1.51734,0.0,0.5394168719877203,0.9520816082903091,0.3789825319192883,50.44,4,0,0,0.45102040816326533
148,R,1.3951073157894736,2.94714,0.631578947368421,0.3480921636151402,1.4956890155592062,0.2852590318864629,86.19,5,0,1,0.4496598639455782
229,S,-0.062848,2.16081,0.15789473684210525,-0.04092338312220939,2.23006384258984,0.16595409139533907,59.22,8,0,0,0.4489795918367347
97,P,0.8254627368421052,1.51703,0.21052631578947367,0.8494658224195073,1.251866838421429,0.26607596660561583,50.16,4,0,0,0.4482993197278911
215,Q,0.23349653684210525,3.94758,0.05263157894736842,0.22421354360108953,2.671367639548017,0.08509421007068015,81.69,8,0,1,0.4448979591836735
15,T,0.13745027894736847,2.64238,0.10526315789473684,0.0844115334630956,2.0637850178225388,0.10680651057319225,73.81,8,0,0,0.4421768707482993
244,V,0.4392702105263158,3.82641,0.10526315789473684,0.4946114024999043,2.2332094559846047,0.15334228523755103,81.19,5,0,0,0.44149659863945573
63,G,0.7836029368421052,2.52479,0.15789473684210525,0.7830082343894598,1.5190799672087298,0.2399036009099679,39.25,4,0,0,0.4387755102040816
33,T,0.8742302631578948,3.90616,0.21052631578947367,0.8228577851866451,2.1388866798200015,0.23197854887514743,42.94,4,0,0,0.4387755102040816
20,G,-0.26961383157894736,1.00907,0.05263157894736842,0.47064015284216715,0.745471948555879,0.10341094111337945,52.19,6,0,0,0.4340136054421769
180,T,-0.27583069473684213,3.23044,0.10526315789473684,-0.2706468875297425,2.7168915388220625,0.12183948087953796,84.69,9,0,1,0.4326530612244898
151,N,-0.08420691052631579,1.34286,0.10526315789473684,-0.058313780561236594,0.5956722859475392,0.1445662459047349,89.25,8,0,1,0.4312925170068027
50,P,0.4533288421052632,1.42022,0.3157894736842105,0.4420746939320247,0.8251919531198417,0.3581641832085281,55.75,4,0,0,0.43061224489795924
188,E,0.32662713684210526,3.03067,0.21052631578947367,0.1678751433439141,0.8464788691652378,0.1478095628593499,77.31,7,0,1,0.4258503401360545
159,D,0.4188640421052632,1.44054,0.15789473684210525,0.3526052903299604,1.066172782156095,0.17308191621576463,77.94,5,0,1,0.4238095238095238
184,T,-0.19021703684210522,3.16353,0.05263157894736842,-0.16537139403312245,2.511918476759443,0.0830841382861084,80.06,9,0,1,0.4217687074829932
225,V,-0.08377473684210526,2.37,0.05263157894736842,-0.030904811979312122,1.6342356806785718,0.08752668874561106,51.84,8,0,1,0.4040816326530612
222,S,0.1203764057894737,2.59561,0.05263157894736842,0.05989223374853518,2.151633772274442,0.07119112961378052,55.25,8,0,1,0.4027210884353741
169,H,-0.4905355947368421,2.77366,0.05263157894736842,-0.4058254797089527,1.351961989769968,0.09336180772366173,92.25,9,0,1,0.4013605442176871
48,R,0.7157642263157895,3.61447,0.15789473684210525,0.6371078335271451,2.051316897059208,0.17250934044521338,37.94,4,0,0,0.40068027210884355
21,L,0.37000621052631577,1.20921,0.05263157894736842,0.39190123642301095,0.8822414628007142,0.08271948366617475,46.72,6,0,0,0.39727891156462586
228,S,-0.17646353684210525,3.25482,0.10526315789473684,-0.18514112542733274,2.3475976611630465,0.1244526370022701,55.12,8,0,1,0.3959183673469388
13,V,-0.1580329210526316,3.50418,0.05263157894736842,-0.10273733157904497,2.4400856722672986,0.09128432441876165,78.19,8,0,0,0.3904761904761904
25,R,-0.04944428947368421,0.430014,0.0,0.5018482258983322,1.2599856029728573,0.17586501434902446,46.03,4,0,0,0.38979591836734695
181,V,-0.2250734157894737,3.00641,0.05263157894736842,-0.1515615293603606,1.7753656003329836,0.09989079336633672,83.56,8,0,1,0.3891156462585034
237,S,-0.7093505052631579,3.07122,0.15789473684210525,-0.7003308583150266,2.6553097893704782,0.16772971516454388,79.25,8,0,0,0.3891156462585034
14,A,0.11286248947368421,3.84099,0.05263157894736842,0.011508846233651133,1.8924342468826991,0.061695959113663316,74.75,8,0,0,0.3891156462585033
163,N,0.2658244157894737,2.88339,0.10526315789473684,0.27343106076673335,1.1544045627987303,0.09478608981286558,83.75,6,0,1,0.3877551020408163
160,E,0.07901703684210525,2.32963,0.10526315789473684,0.10001605857034646,1.291351258803962,0.12241223825940266,79.69,6,0,1,0.37551020408163266
182,T,-0.1276141052631579,2.71356,0.05263157894736842,-0.12281644989552065,2.3077999001555543,0.07898040251012628,81.62,8,0,1,0.37006802721088433
31,W,-0.0599668037331579,1.93571,0.05263157894736842,0.42461813598831155,0.6414830362162703,0.172685593386133,37.62,4,0,0,0.3680272108843538
22,C,0.03688256842105262,2.35828,0.15789473684210525,-0.007827027239555593,1.082073856633427,0.1823556484482757,47.0,5,0,0,0.3666666666666667
125,A,0.18040886315789473,0.729014,0.0,0.1958497381869164,0.5532588911534919,0.03788253862285902,85.12,7,0,1,0.36054421768707484
208,T,-0.47851753999999996,3.53505,0.05263157894736842,-0.4142889378631283,2.056417657176282,0.10412979866738772,90.06,8,0,1,0.3591836734693878
98,K,0.19253938636842105,0.726596,0.0,0.22535637841360848,0.705338745206604,0.09941710830411563,41.34,5,0,0,0.35578231292517004
124,S,-0.02493150415789474,0.348322,0.0,-0.012396120537487428,0.22916795752728575,0.026474590745194083,82.69,8,0,0,0.3537414965986394
173,N,-0.13965397894736845,3.40121,0.05263157894736842,-0.1847813108157829,1.6304331830868517,0.07069093399298912,91.5,8,0,1,0.3496598639455782
166,N,-0.5979735789473685,0.356331,0.0,-0.541138527879902,0.3287851378557281,0.03171475133708432,90.38,9,0,1,0.3496598639455782
164,Q,-0.27082006842105266,1.53267,0.05263157894736842,-0.22582103590070912,1.0023010373311751,0.07606881695281051,85.31,8,0,1,0.3469387755102041
102,K,1.0885259999999999,1.94803,0.6842105263157895,0.18015531334066948,0.5552940817045711,0.09358866064820204,40.91,5,0,0,0.3435374149659864
75,Q,0.4064516684210526,1.07254,0.10526315789473684,0.37607368892678433,0.8857057382352378,0.12920939788907063,41.0,4,0,0,0.3408163265306123
83,Q,-0.08983636315789474,0.347181,0.0,0.25273291297081113,0.7972743793215635,0.1747456390367788,34.28,4,0,0,0.3408163265306123
67,Q,0.12495820526315789,0.631057,0.0,0.4420288552745813,0.789645526790317,0.10799264895136806,39.97,4,0,0,0.33945578231292517
223,S,-0.23271368210526314,3.9301,0.05263157894736842,-0.22346681873921886,3.0086677640055544,0.06737417061664464,50.5,8,0,1,0.33877551020408164
193,T,-0.09628486842105263,1.45824,0.05263157894736842,-0.09420409628602902,1.155362652687301,0.08509705930028744,86.19,7,0,1,0.3374149659863946
132,H,0.25156484736842105,0.758152,0.0,0.2294772622323931,0.6316755669204756,0.03617817241452003,87.38,6,0,1,0.33741496598639453
17,S,0.20550087631578945,2.18093,0.10526315789473684,-0.28389408895993656,0.23927817482443964,0.07188678154966643,61.97,8,0,0,0.3360544217687074
23,K,0.46208405789473683,4.51097,0.10526315789473684,0.3703997518953598,2.231519191280318,0.1159878483876937,42.78,4,0,0,0.3299319727891156
24,K,0.30485594736842103,3.28272,0.10526315789473684,0.32768868105172766,2.0217340566244424,0.12595235268279323,42.47,4,0,0,0.3299319727891156
76,P,-2.245127368421053,-1.71543,0.0,0.10750790040345386,0.3391685139906272,0.1879652225730685,48.16,4,0,0,0.32312925170068024
4,L,0.22636572105263159,0.935239,0.0,0.28549390070871056,0.7201907748612116,0.01339518564067572,72.19,7,0,0,0.32244897959183677
221,G,-0.9616104210526316,1.44824,0.05263157894736842,-0.9463963306865868,0.1921371244704761,0.07009083594187522,60.91,8,0,1,0.3142857142857143
101,M,0.3196639210526316,2.76247,0.10526315789473684,0.28956148127788167,1.3336041821384927,0.11154216944672157,46.94,4,0,0,0.31360544217687075
99,T,0.04911554210526316,4.13421,0.10526315789473684,-0.048425688096756556,2.058918980495872,0.10435522603126725,47.62,5,0,0,0.31088435374149664
52,Q,0.3430164052631579,5.22881,0.10526315789473684,0.3515745886528428,2.2235983983197785,0.09657169222941991,43.59,4,0,0,0.3108843537414966
3,N,0.24324225615789474,0.939101,0.0,0.28794735900209745,0.7455075506370397,0.01570673142771798,63.0,6,0,0,0.3020408163265306
38,Y,0.32837981578947373,1.01845,0.05263157894736842,0.43714571391397233,1.4568448808918704,0.06799830167832363,39.97,4,0,0,0.29591836734693877
61,H,1.350852394736842,3.70955,0.631578947368421,0.3806231953146277,0.8259894837896986,0.07511674544569033,38.59,4,0,0,0.2931972789115646
26,P,-0.025326547368421055,0.442557,0.0,0.07189167821651453,0.2753178694810316,0.04828154243203903,44.66,5,0,0,0.2891156462585034
185,T,-0.265976,0.93257,0.0,-0.19826788101818765,1.1848768500586493,0.04934603939889764,77.38,7,0,1,0.28571428571428575
89,S,0.17904275263157896,2.09931,0.10526315789473684,0.12972845417072973,1.230003054151318,0.11069522778467922,36.97,4,0,0,0.28231292517006806
28,P,0.7611573157894737,0.864073,0.0,0.7552782359869283,0.8345539922014281,0.015827375103371847,49.25,4,0,0,0.28095238095238095
81,W,0.20423756842105265,1.16393,0.05263157894736842,0.19811654995225086,0.48926054064198454,0.08831135514249948,31.28,4,0,0,0.2782312925170068
130,I,0.37279067368421054,0.91878,0.0,0.4343846156577878,0.9398671817755558,0.029571969407020383,85.0,4,0,1,0.27006802721088435
189,N,-0.12981026315789476,0.328147,0.0,-0.1481055456591002,0.2876372829136159,0.03584293220331134,81.0,6,0,1,0.2639455782312925
59,Q,0.44655105263157896,0.829057,0.0,0.44869784265226825,0.8043348096413022,0.022040220282246947,45.78,4,0,0,0.2619047619047619
41,Q,0.28808346315789474,0.750109,0.0,0.315803104101425,0.6681577372001587,0.03475686296395922,38.72,4,0,0,0.25918367346938775
6,C,-0.6605084842105263,-0.0155892,0.0,-0.6034921696687232,0.04477004766523804,0.014065051670761539,74.56,8,0,0,0.2585034013605442
111,G,-1.735816842105263,0.561055,0.0,-1.7491344732097327,-0.5261221449647631,0.012359028855567788,42.84,8,0,0,0.24353741496598638
5,G,-0.8660311789473684,-0.0573664,0.0,-0.8502075222991519,-0.2674043965384561,0.0048151100792244265,74.62,8,0,0,0.2421768707482993
2,A,0.1671647736842105,0.449982,0.0,0.16512506348650682,0.443604906757857,0.006551691433175382,58.0,5,0,0,0.2414965986394558
162,S,-0.2042888947368421,0.283964,0.0,-0.20334804739883452,0.14132382129406343,0.02670455688160384,80.06,6,0,1,0.23265306122448978
147,H,-0.39857503684210527,0.148806,0.0,-0.2978133528965851,0.35114219307619027,0.0332262124975218,86.44,6,0,1,0.23129251700680273
90,Q,0.26785833157894734,0.675249,0.0,0.29371475782405715,0.49388662196211724,0.019477375636630476,32.97,4,0,0,0.22653061224489798
115,G,-0.020740862105263155,0.314499,0.0,-0.0173449140919529,0.19635469046348833,0.017102010720312172,47.84,5,0,0,0.22653061224489793
18,D,-1.0083284210526315,0.495185,0.0,-0.8724272817821298,-0.1257151225533812,0.023161934558882213,55.94,7,0,0,0.22585034013605443
165,N,-0.38946823684210524,0.403913,0.0,-0.32179963354935937,0.25106678854654546,0.028608731856014306,89.5,6,0,1,0.22448979591836735
27,K,0.06916502210526315,0.411303,0.0,0.13694100922506305,0.3784121091517145,0.033565657371208334,47.22,4,0,0,0.2238095238095238
1,M,0.26329723157894735,0.632209,0.0,0.30740231928011996,0.6223063991869839,0.017105272779994813,53.84,4,0,0,0.22108843537414966
60,P,0.22734230526315788,0.42631,0.0,0.22627171557917625,0.46809746040912664,0.02572342743419467,47.44,4,0,0,0.22108843537414966
88,H,-0.0267190052631579,2.65361,0.05263157894736842,-0.014427213598251477,1.045954335978492,0.05606781184006574,32.81,4,0,0,0.2115646258503401
95,S,-0.18468863684210526,0.097199,0.0,-0.1725017809186137,0.08460597093768876,0.020764810654994404,49.94,5,0,0,0.2074829931972789
107,A,0.01919823684210526,0.759089,0.0,-0.024162759817321633,0.24649321863257126,0.0029978978541491835,42.25,5,0,0,0.2020408163265306
127,S,-0.2996921736842106,0.109514,0.0,-0.26434390754191345,0.23070686614319857,0.02602307596675794,84.0,5,0,1,0.19931972789115646
73,W,0.1421148452631579,0.40459,0.0,0.1420862604892451,0.3320749732487303,0.019335471305786344,30.86,4,0,0,0.1979591836734694
96,K,0.0912261,0.55786,0.0,0.12857465786082023,0.4505098732596823,0.02018379749979422,49.53,4,0,0,0.19523809523809524
57,W,-0.20597311578947367,1.92956,0.05263157894736842,-0.1771946205249042,0.6961663960990478,0.08238813460614461,38.25,4,0,0,0.19523809523809524
245,G,-0.11222494210526313,3.91406,0.05263157894736842,-0.17668400751493352,1.7676091973361883,0.08203321663072433,66.75,4,0,0,0.19523809523809524
43,S,-0.02988360578947368,0.519036,0.0,0.020880640808405553,0.38551632297107924,0.025750893917379187,41.47,4,0,0,0.18979591836734697
79,G,-0.13311972631578947,0.389638,0.0,-0.11991599488978869,0.28175095169127967,0.05294070459480874,33.09,4,0,0,0.18571428571428572
87,T,-0.08169830526315788,0.852496,0.0,-0.04821195720095754,0.8679818233422897,0.030257027670677797,31.88,4,0,0,0.18435374149659864
93,K,0.03956884210526316,0.583916,0.0,0.1063777303250126,0.51259804757746,0.017683864100478647,45.66,4,0,0,0.18435374149659864
92,N,-0.055588321052631576,0.316322,0.0,0.0068278796541076,0.42947205342073663,0.022709920579172583,43.16,4,0,0,0.18163265306122447
112,A,-0.35970713684210526,0.198314,0.0,-0.33199642966865395,0.09954657240242859,0.005905870955821632,47.59,6,0,0,0.17687074829931973
91,W,0.03283563684210527,0.418552,0.0,0.0812104670503822,0.3143970178277298,0.016601372788818135,40.84,4,0,0,0.1761904761904762
36,S,-0.4698516578947368,1.71115,0.05263157894736842,-0.3836135682824842,0.710158642207238,0.0839250262797226,41.59,4,0,0,0.17482993197278915
49,Y,-0.11356836315789473,0.465555,0.0,-0.06509388730618382,0.324184204004603,0.027909166070054548,38.25,4,0,0,0.17346938775510204
47,N,-0.21148632684210528,0.277867,0.0,-0.1447096985152385,0.35940657929344433,0.03445144131190094,34.53,4,0,0,0.1707482993197279
44,P,-0.14817617894736843,0.078933,0.0,-0.11824778556406355,0.24605752752941268,0.027447391783126135,44.69,4,0,0,0.16258503401360544
29,G,-0.30800268210526316,0.343053,0.0,-0.27673337222643535,0.1843324858560256,0.011657116712227241,38.97,5,0,0,0.16258503401360544
109,A,0.020125912105263155,0.538474,0.0,0.026492843344649263,0.3940365530968257,0.011869938278460904,41.44,4,0,0,0.15986394557823128
56,G,-0.20139533684210525,0.132233,0.0,-0.18253388648463442,0.11995495551373583,0.028474100780727277,31.23,4,0,0,0.15170068027210884
30,G,-0.06412059684210526,0.226411,0.0,-0.07579929093702993,0.18347824716633093,0.018321923918414067,35.56,4,0,0,0.15034013605442176
65,W,-2.0189076842105265,1.29936,0.05263157894736842,-1.990362067303398,-0.6960746019476626,0.08135446381157982,39.41,4,0,0,0.15034013605442176
72,G,-0.6229237368421053,-0.156911,0.0,-0.6242981601276267,-0.26377881676514275,0.04044202652229496,30.23,4,0,0,0.13945578231292519
108,A,-0.015251456315789476,0.256011,0.0,-0.03263686963082204,0.15658838307490455,0.0034148465931059975,37.28,4,0,0,0.1340136054421769
51,P,-1.0866571052631577,0.803392,0.0,-1.0555254211679799,-0.1347649745639681,0.03743051233337069,48.19,4,0,0,0.12993197278911564
77,H,-0.10045520578947369,0.155263,0.0,-0.07971063228815677,0.10698014863496821,0.011262989047657846,35.53,4,0,0,0.1285714285714286
69,H,-0.2541862052631579,0.136725,0.0,-0.19228341390674694,0.08701754967523817,0.01904730299398521,35.28,4,0,0,0.1272108843537415
105,A,-0.06739069999999998,0.278905,0.0,-0.07812393797633667,0.1799666073911902,0.003987684027754072,44.44,4,0,0,0.12448979591836735
103,H,-0.35181534736842107,0.0526582,0.0,-0.2804817442705481,0.07456245126277782,0.01888660209215952,49.16,4,0,0,0.11360544217687074
106,G,-0.25264173531578943,0.333408,0.0,-0.2532675319178838,0.09863555172733031,0.013488587083481286,35.16,4,0,0,0.1054421768707483
104,M,-1.4423039368421053,0.210213,0.0,-1.4236589002698337,-0.771421990934604,0.01489171378859058,43.69,4,0,0,0.08095238095238096
