position,wt_aa,hotspot_score,predicted_ddg_mean,predicted_destabilizing_probability_mean,af2_plddt,af2_neighbor_count_8A,af2_is_buried_proxy,is_globular_domain_region
171,C,0.9972789115646258,12.41236098450919,0.9934477712135366,92.19,15,1,1
206,C,0.9938775510204082,12.498090430433168,0.9921378904419699,91.56,14,1,1
167,F,0.9748299319727892,4.125886451492057,0.9799498660321602,90.56,14,1,1
153,V,0.9687074829931973,7.273653125698414,0.952629443858891,91.5,16,1,1
202,V,0.951700680272109,6.886421781516632,0.9279507673159336,92.5,14,1,1
205,M,0.94421768707483,4.091088898868509,0.941120429485764,90.12,13,0,1
172,V,0.9326530612244898,3.892426558569325,0.914441713950554,93.31,14,1,1
150,P,0.9326530612244898,4.059861790403173,0.975515787863468,87.38,10,0,1
175,T,0.9244897959183674,4.072546623380478,0.8909058378867023,90.62,12,0,1
123,G,0.9163265306122449,5.416025400961112,0.8778164910178677,84.44,11,0,0
201,V,0.901360544217687,3.504363320851179,0.901516633533899,90.88,11,0,1
198,M,0.8972789115646259,3.732553342534698,0.8649169484429308,89.38,11,0,1
155,Y,0.8857142857142857,3.4638989464191594,0.7136621321630153,89.19,13,0,1
168,V,0.8782312925170069,2.787359894358378,0.8639808622571257,92.19,12,0,1
142,Y,0.8775510204081632,4.040840389980729,0.8826686403704646,89.25,9,0,1
122,L,0.873469387755102,3.1160986485886384,0.6745765007109654,85.44,13,0,0
176,I,0.8714285714285714,2.6279822159650066,0.8568309414278419,89.88,12,0,1
210,Y,0.8605442176870749,2.378054720477621,0.8137040992593527,88.0,12,0,1
154,Y,0.8537414965986395,2.4197942506546153,0.7597506092442864,90.06,12,0,1
139,D,0.8537414965986395,2.0599266269037826,0.8345216132878794,88.31,12,0,1
174,I,0.8496598639455781,2.591323923201418,0.8561095553029038,89.94,10,0,1
157,P,0.8489795918367347,1.9279319788536804,0.9730462670999701,82.62,9,0,1
197,M,0.8204081632653061,2.6429996344398314,0.7203215200254495,88.31,9,0,1
190,F,0.8068027210884354,3.140249386025077,0.8849954808008913,81.0,8,0,1
209,Q,0.7993197278911565,1.5153659491682883,0.667748870132676,88.19,10,0,1
156,R,0.7979591836734694,1.824886038016663,0.5663633766590567,87.19,10,0,1
134,G,0.7931972789115647,4.00228526531202,0.9869167928929874,85.31,6,0,1
158,M,0.7891156462585034,2.144528863043396,0.6027612220625248,74.12,9,0,1
138,E,0.7863945578231292,1.4361061519487166,0.7664997550458083,88.5,9,0,1
121,V,0.7843537414965986,1.246104728956475,0.4689174259931068,85.12,12,0,0
207,I,0.7836734693877551,1.3385990392732283,0.7696977544677207,90.5,9,0,1
119,G,0.7605442176870748,2.912713521727212,0.9792805984153303,79.25,6,0,0
113,V,0.7598639455782313,1.9966975181373428,0.31514877284597653,50.34,10,0,0
120,Y,0.7598639455782313,1.0761342163455423,0.4359364743577442,83.94,11,0,0
133,F,0.7537414965986394,3.8118231465250823,0.9269786246663925,85.0,6,0,1
187,G,0.7523809523809524,3.0936416654260306,0.9723848566074693,77.62,6,0,1
114,V,0.7510204081632654,1.953314774723032,0.36785234578967047,54.62,9,0,0
199,E,0.7503401360544218,1.2048078032238696,0.38672433797083317,90.94,10,0,1
149,Y,0.7482993197278912,2.881295245794439,0.8878613941029182,87.62,7,0,1
135,S,0.7428571428571429,2.22453272038061,0.9332746165153067,87.25,7,0,1
12,F,0.7360544217687076,1.5890030063819833,0.7118446900403494,78.5,8,0,0
146,M,0.7333333333333334,1.3321102786614631,0.7911751365788519,87.38,8,0,1
118,G,0.7292517006802721,2.7919868656068925,0.7697594474367939,68.5,7,0,0
117,L,0.725170068027211,2.261512793862471,0.8615954124353479,63.53,7,0,0
217,Y,0.7251700680272108,1.4458420795303457,0.6524956163763186,75.94,8,0,1
8,M,0.7251700680272108,1.3466329153436174,0.6913259900129722,80.19,8,0,0
131,I,0.7224489795918368,2.2792202376874844,0.8443755131437221,84.81,7,0,1
141,Y,0.7197278911564625,1.752061727264608,0.49962138486095076,89.31,8,0,1
85,G,0.7149659863945579,4.288841651164995,0.9918792654449977,28.77,4,0,0
195,V,0.7081632653061224,0.6503071589440873,0.3792996156355191,87.38,10,0,1
145,N,0.7061224489795919,1.142681180146149,0.620735300061808,88.62,8,0,1
203,E,0.7013605442176871,0.7226270969838859,0.29195188776154274,91.94,12,0,1
7,W,0.6965986394557824,1.4931782259162827,0.40431403105735997,77.75,8,0,0
64,G,0.6945578231292516,4.17093674290685,0.9741433799936761,29.89,4,0,0
86,G,0.6918367346938776,3.5279899534853794,0.9876684441358705,30.34,4,0,0
55,G,0.6918367346938776,3.9980337902293765,0.977561939410191,38.94,4,0,0
62,G,0.6904761904761906,3.5750652204259366,0.9864630554716587,35.75,4,0,0
129,P,0.6884353741496598,2.0063433681364757,0.6142562137959592,84.94,7,0,1
161,Y,0.6870748299319729,0.76635625519642,0.3423635253874971,82.12,9,0,1
238,F,0.6870748299319729,0.9945287745285079,0.5018979645317155,84.12,8,0,0
84,G,0.6863945578231293,3.304972851687788,0.9908069301042592,32.44,4,0,0
58,G,0.6863945578231293,3.8953587997008223,0.9753226722070223,40.84,4,0,0
70,G,0.6863945578231293,3.599268077886019,0.977840307470467,30.59,4,0,0
66,G,0.6836734693877551,3.437071798820688,0.9853823479248177,37.69,4,0,0
11,L,0.6816326530612246,1.0043848452206785,0.46205053400704743,79.81,8,0,0
152,Q,0.6782312925170068,0.6250007957036279,0.30548887911338235,89.5,10,0,1
200,R,0.6775510204081634,0.6408954301730585,0.3519624815014088,90.19,9,0,1
233,I,0.6768707482993198,0.6109013946005263,0.31451199880276604,72.5,10,0,0
239,L,0.6748299319727892,0.9437990706891931,0.457293832093342,85.75,8,0,0
9,L,0.6707482993197278,0.9369991789358277,0.4507119837881859,74.81,8,0,0
53,G,0.6687074829931973,3.2071500598312297,0.975204538093822,36.0,4,0,0
80,G,0.6646258503401361,3.3146742555386965,0.9638150930553163,32.31,4,0,0
82,G,0.663265306122449,2.891959798918528,0.9764359070245822,37.72,4,0,0
236,I,0.6612244897959184,0.8309673600467956,0.40442368321274474,80.44,8,0,0
16,W,0.6598639455782312,1.3943268490544434,0.29898269645222725,63.97,8,0,0
110,A,0.6585034013605442,2.09835548954645,0.18789382239110877,40.41,8,0,0
241,F,0.6585034013605442,0.8908263793601028,0.385611011943611,82.69,8,0,0
116,G,0.6578231292517006,2.948023449507198,0.9691728239911174,62.94,4,0,0
10,V,0.6462585034013605,0.7134207406923933,0.4038322579673421,79.75,8,0,0
45,G,0.645578231292517,2.9451235160134663,0.933877046782908,39.5,4,0,0
227,F,0.6421768707482992,0.7655748860055521,0.3788926983322581,52.75,8,0,1
54,G,0.6387755102040816,2.5374694925583126,0.9512990704924441,37.06,4,0,0
230,P,0.636734693877551,1.256958266952377,0.6455334313756207,61.72,6,0,0
232,V,0.6360544217687075,0.38990887174666833,0.2958595434380648,69.5,10,0,0
226,L,0.6312925170068027,0.6655926426681192,0.3429060213675263,52.47,8,0,1
46,G,0.6292517006802721,2.6295182239990633,0.9028328310797893,37.31,4,0,0
242,L,0.6272108843537415,1.0072234559822932,0.4392389246316027,83.81,7,0,0
231,P,0.6231292517006803,1.129925011214701,0.6044591256411193,70.62,6,0,0
71,G,0.6156462585034014,1.7993685568760218,0.9509074379392025,38.75,4,0,0
35,G,0.6156462585034014,1.815711504326073,0.9468758983044505,36.88,4,0,0
240,I,0.6136054421768707,0.6323124921676434,0.31486881431420716,85.38,8,0,0
42,G,0.6129251700680273,1.6179171907893233,0.9509319932879482,37.03,4,0,0
235,L,0.6122448979591837,0.6462608426127519,0.3042487298894003,80.25,8,0,0
204,Q,0.5972789115646259,0.3578963513386693,0.23731011166149582,90.69,9,0,1
78,G,0.5938775510204082,1.5780328796091598,0.8891376099317609,35.84,4,0,0
196,K,0.5931972789115646,0.6215362244639447,0.27560820165357586,88.94,8,0,1
213,E,0.5925170068027211,0.19524957110773877,0.27911404517173466,81.88,10,0,1
192,E,0.5918367346938775,0.7911944836643993,0.4888036881792604,84.69,6,0,1
212,R,0.5863945578231292,0.4687189728511621,0.3019481894697615,85.25,8,0,1
179,H,0.5741496598639456,0.23190078717226417,0.23402476223327554,85.69,9,0,1
243,I,0.5741496598639456,0.9898576278838999,0.3406809138244656,83.69,6,0,0
140,R,0.5714285714285714,0.5183231087078553,0.19631774090675402,90.25,8,0,1
220,R,0.563265306122449,0.5230264234583736,0.17550213919819946,66.0,8,0,1
177,K,0.563265306122449,0.5052628218619931,0.18526409137712826,88.38,8,0,1
144,E,0.561904761904762,0.4660051857758603,0.3860734657824923,89.62,7,0,1
40,G,0.5598639455782313,1.3346902890019534,0.7611862113342045,40.88,4,0,0
143,R,0.5578231292517007,0.6495318628892264,0.2950373964952591,88.81,7,0,1
34,G,0.5571428571428573,1.7246193082199694,0.6074358966253988,39.03,4,0,0
214,S,0.5387755102040817,0.03362100746687254,0.22209511527143255,80.94,9,0,1
224,M,0.5360544217687074,0.6186459396329166,0.11488672700172764,48.09,8,0,1
94,P,0.5326530612244899,1.0195392180178815,0.6410779225366218,54.22,4,0,0
126,M,0.5238095238095238,0.4474970899306161,0.2829252747798174,84.0,7,0,1
183,T,0.5204081632653061,-0.10375829171743102,0.18886969880312537,80.19,10,0,1
74,G,0.5190476190476191,1.1806132517249697,0.45462450336334453,39.56,4,0,0
128,R,0.5142857142857142,0.019541493717003713,0.31615634668413223,84.0,8,0,1
218,Y,0.5115646258503401,0.3923741021713733,0.12574432759485496,71.94,8,0,1
100,N,0.5108843537414965,0.8562750869745529,0.5020256306081731,44.53,4,0,0
234,L,0.5034013605442177,0.2951235505418182,0.14890416077174465,75.88,8,0,0
186,K,0.5020408163265306,0.5141929116375781,0.24990828726209793,77.69,6,0,1
136,D,0.5006802721088436,0.5961918541143021,0.20666656452065943,88.88,6,0,1
32,N,0.5,0.8195024342106033,0.47315969680929904,35.94,4,0,0
216,A,0.491156462585034,0.26439345449796287,0.13014893284642606,80.12,8,0,1
39,P,0.4891156462585034,1.1136929369484951,0.3281522137366992,44.16,4,0,0
170,D,0.4884353741496599,-0.0534855910936248,0.15145699079509156,91.88,9,0,1
19,L,0.47891156462585033,0.40094534389505165,0.15708977841652025,55.81,7,0,0
37,R,0.47823129251700686,0.9860268709634054,0.32485136998459846,41.75,4,0,0
219,Q,0.4761904761904762,0.43904123719661936,0.07698826949827718,71.56,8,0,1
137,Y,0.4748299319727891,0.5491166868466476,0.15188420555743815,88.88,6,0,1
211,E,0.473469387755102,0.1832194514258013,0.12761921321234948,87.38,8,0,1
178,Q,0.473469387755102,0.1363421576765682,0.14948835998965088,86.19,8,0,1
191,T,0.46938775510204084,0.2505211426720365,0.31236716951955923,84.75,6,0,1
194,D,0.45850340136054424,-0.005228771869466913,0.1641929156560739,87.62,8,0,1
68,P,0.45102040816326533,0.5394168719877203,0.3789825319192883,50.44,4,0,0
148,R,0.4496598639455782,0.3480921636151402,0.2852590318864629,86.19,5,0,1
229,S,0.4489795918367347,-0.04092338312220939,0.16595409139533907,59.22,8,0,0
97,P,0.4482993197278911,0.8494658224195073,0.26607596660561583,50.16,4,0,0
215,Q,0.4448979591836735,0.22421354360108953,0.08509421007068015,81.69,8,0,1
15,T,0.4421768707482993,0.0844115334630956,0.10680651057319225,73.81,8,0,0
244,V,0.44149659863945573,0.4946114024999043,0.15334228523755103,81.19,5,0,0
63,G,0.4387755102040816,0.7830082343894598,0.2399036009099679,39.25,4,0,0
33,T,0.4387755102040816,0.8228577851866451,0.23197854887514743,42.94,4,0,0
20,G,0.4340136054421769,0.47064015284216715,0.10341094111337945,52.19,6,0,0
180,T,0.4326530612244898,-0.2706468875297425,0.12183948087953796,84.69,9,0,1
151,N,0.4312925170068027,-0.058313780561236594,0.1445662459047349,89.25,8,0,1
50,P,0.43061224489795924,0.4420746939320247,0.3581641832085281,55.75,4,0,0
188,E,0.4258503401360545,0.1678751433439141,0.1478095628593499,77.31,7,0,1
159,D,0.4238095238095238,0.3526052903299604,0.17308191621576463,77.94,5,0,1
184,T,0.4217687074829932,-0.16537139403312245,0.0830841382861084,80.06,9,0,1
225,V,0.4040816326530612,-0.030904811979312122,0.08752668874561106,51.84,8,0,1
222,S,0.4027210884353741,0.05989223374853518,0.07119112961378052,55.25,8,0,1
169,H,0.4013605442176871,-0.4058254797089527,0.09336180772366173,92.25,9,0,1
48,R,0.40068027210884355,0.6371078335271451,0.17250934044521338,37.94,4,0,0
21,L,0.39727891156462586,0.39190123642301095,0.08271948366617475,46.72,6,0,0
228,S,0.3959183673469388,-0.18514112542733274,0.1244526370022701,55.12,8,0,1
13,V,0.3904761904761904,-0.10273733157904497,0.09128432441876165,78.19,8,0,0
25,R,0.38979591836734695,0.5018482258983322,0.17586501434902446,46.03,4,0,0
181,V,0.3891156462585034,-0.1515615293603606,0.09989079336633672,83.56,8,0,1
237,S,0.3891156462585034,-0.7003308583150266,0.16772971516454388,79.25,8,0,0
14,A,0.3891156462585033,0.011508846233651133,0.061695959113663316,74.75,8,0,0
163,N,0.3877551020408163,0.27343106076673335,0.09478608981286558,83.75,6,0,1
160,E,0.37551020408163266,0.10001605857034646,0.12241223825940266,79.69,6,0,1
182,T,0.37006802721088433,-0.12281644989552065,0.07898040251012628,81.62,8,0,1
31,W,0.3680272108843538,0.42461813598831155,0.172685593386133,37.62,4,0,0
22,C,0.3666666666666667,-0.007827027239555593,0.1823556484482757,47.0,5,0,0
125,A,0.36054421768707484,0.1958497381869164,0.03788253862285902,85.12,7,0,1
208,T,0.3591836734693878,-0.4142889378631283,0.10412979866738772,90.06,8,0,1
98,K,0.35578231292517004,0.22535637841360848,0.09941710830411563,41.34,5,0,0
124,S,0.3537414965986394,-0.012396120537487428,0.026474590745194083,82.69,8,0,0
173,N,0.3496598639455782,-0.1847813108157829,0.07069093399298912,91.5,8,0,1
166,N,0.3496598639455782,-0.541138527879902,0.03171475133708432,90.38,9,0,1
164,Q,0.3469387755102041,-0.22582103590070912,0.07606881695281051,85.31,8,0,1
102,K,0.3435374149659864,0.18015531334066948,0.09358866064820204,40.91,5,0,0
75,Q,0.3408163265306123,0.37607368892678433,0.12920939788907063,41.0,4,0,0
83,Q,0.3408163265306123,0.25273291297081113,0.1747456390367788,34.28,4,0,0
67,Q,0.33945578231292517,0.4420288552745813,0.10799264895136806,39.97,4,0,0
223,S,0.33877551020408164,-0.22346681873921886,0.06737417061664464,50.5,8,0,1
193,T,0.3374149659863946,-0.09420409628602902,0.08509705930028744,86.19,7,0,1
132,H,0.33741496598639453,0.2294772622323931,0.03617817241452003,87.38,6,0,1
17,S,0.3360544217687074,-0.28389408895993656,0.07188678154966643,61.97,8,0,0
23,K,0.3299319727891156,0.3703997518953598,0.1159878483876937,42.78,4,0,0
24,K,0.3299319727891156,0.32768868105172766,0.12595235268279323,42.47,4,0,0
76,P,0.32312925170068024,0.10750790040345386,0.1879652225730685,48.16,4,0,0
4,L,0.32244897959183677,0.28549390070871056,0.01339518564067572,72.19,7,0,0
221,G,0.3142857142857143,-0.9463963306865868,0.07009083594187522,60.91,8,0,1
101,M,0.31360544217687075,0.28956148127788167,0.11154216944672157,46.94,4,0,0
99,T,0.31088435374149664,-0.048425688096756556,0.10435522603126725,47.62,5,0,0
52,Q,0.3108843537414966,0.3515745886528428,0.09657169222941991,43.59,4,0,0
3,N,0.3020408163265306,0.28794735900209745,0.01570673142771798,63.0,6,0,0
38,Y,0.29591836734693877,0.43714571391397233,0.06799830167832363,39.97,4,0,0
61,H,0.2931972789115646,0.3806231953146277,0.07511674544569033,38.59,4,0,0
26,P,0.2891156462585034,0.07189167821651453,0.04828154243203903,44.66,5,0,0
185,T,0.28571428571428575,-0.19826788101818765,0.04934603939889764,77.38,7,0,1
89,S,0.28231292517006806,0.12972845417072973,0.11069522778467922,36.97,4,0,0
28,P,0.28095238095238095,0.7552782359869283,0.015827375103371847,49.25,4,0,0
81,W,0.2782312925170068,0.19811654995225086,0.08831135514249948,31.28,4,0,0
130,I,0.27006802721088435,0.4343846156577878,0.029571969407020383,85.0,4,0,1
189,N,0.2639455782312925,-0.1481055456591002,0.03584293220331134,81.0,6,0,1
59,Q,0.2619047619047619,0.44869784265226825,0.022040220282246947,45.78,4,0,0
41,Q,0.25918367346938775,0.315803104101425,0.03475686296395922,38.72,4,0,0
6,C,0.2585034013605442,-0.6034921696687232,0.014065051670761539,74.56,8,0,0
111,G,0.24353741496598638,-1.7491344732097327,0.012359028855567788,42.84,8,0,0
5,G,0.2421768707482993,-0.8502075222991519,0.0048151100792244265,74.62,8,0,0
2,A,0.2414965986394558,0.16512506348650682,0.006551691433175382,58.0,5,0,0
162,S,0.23265306122448978,-0.20334804739883452,0.02670455688160384,80.06,6,0,1
147,H,0.23129251700680273,-0.2978133528965851,0.0332262124975218,86.44,6,0,1
90,Q,0.22653061224489798,0.29371475782405715,0.019477375636630476,32.97,4,0,0
115,G,0.22653061224489793,-0.0173449140919529,0.017102010720312172,47.84,5,0,0
18,D,0.22585034013605443,-0.8724272817821298,0.023161934558882213,55.94,7,0,0
165,N,0.22448979591836735,-0.32179963354935937,0.028608731856014306,89.5,6,0,1
27,K,0.2238095238095238,0.13694100922506305,0.033565657371208334,47.22,4,0,0
1,M,0.22108843537414966,0.30740231928011996,0.017105272779994813,53.84,4,0,0
60,P,0.22108843537414966,0.22627171557917625,0.02572342743419467,47.44,4,0,0
88,H,0.2115646258503401,-0.014427213598251477,0.05606781184006574,32.81,4,0,0
95,S,0.2074829931972789,-0.1725017809186137,0.020764810654994404,49.94,5,0,0
107,A,0.2020408163265306,-0.024162759817321633,0.0029978978541491835,42.25,5,0,0
127,S,0.19931972789115646,-0.26434390754191345,0.02602307596675794,84.0,5,0,1
73,W,0.1979591836734694,0.1420862604892451,0.019335471305786344,30.86,4,0,0
96,K,0.19523809523809524,0.12857465786082023,0.02018379749979422,49.53,4,0,0
57,W,0.19523809523809524,-0.1771946205249042,0.08238813460614461,38.25,4,0,0
245,G,0.19523809523809524,-0.17668400751493352,0.08203321663072433,66.75,4,0,0
43,S,0.18979591836734697,0.020880640808405553,0.025750893917379187,41.47,4,0,0
79,G,0.18571428571428572,-0.11991599488978869,0.05294070459480874,33.09,4,0,0
87,T,0.18435374149659864,-0.04821195720095754,0.030257027670677797,31.88,4,0,0
93,K,0.18435374149659864,0.1063777303250126,0.017683864100478647,45.66,4,0,0
92,N,0.18163265306122447,0.0068278796541076,0.022709920579172583,43.16,4,0,0
112,A,0.17687074829931973,-0.33199642966865395,0.005905870955821632,47.59,6,0,0
91,W,0.1761904761904762,0.0812104670503822,0.016601372788818135,40.84,4,0,0
36,S,0.17482993197278915,-0.3836135682824842,0.0839250262797226,41.59,4,0,0
49,Y,0.17346938775510204,-0.06509388730618382,0.027909166070054548,38.25,4,0,0
47,N,0.1707482993197279,-0.1447096985152385,0.03445144131190094,34.53,4,0,0
44,P,0.16258503401360544,-0.11824778556406355,0.027447391783126135,44.69,4,0,0
29,G,0.16258503401360544,-0.27673337222643535,0.011657116712227241,38.97,5,0,0
109,A,0.15986394557823128,0.026492843344649263,0.011869938278460904,41.44,4,0,0
56,G,0.15170068027210884,-0.18253388648463442,0.028474100780727277,31.23,4,0,0
30,G,0.15034013605442176,-0.07579929093702993,0.018321923918414067,35.56,4,0,0
65,W,0.15034013605442176,-1.990362067303398,0.08135446381157982,39.41,4,0,0
72,G,0.13945578231292519,-0.6242981601276267,0.04044202652229496,30.23,4,0,0
108,A,0.1340136054421769,-0.03263686963082204,0.0034148465931059975,37.28,4,0,0
51,P,0.12993197278911564,-1.0555254211679799,0.03743051233337069,48.19,4,0,0
77,H,0.1285714285714286,-0.07971063228815677,0.011262989047657846,35.53,4,0,0
69,H,0.1272108843537415,-0.19228341390674694,0.01904730299398521,35.28,4,0,0
105,A,0.12448979591836735,-0.07812393797633667,0.003987684027754072,44.44,4,0,0
103,H,0.11360544217687074,-0.2804817442705481,0.01888660209215952,49.16,4,0,0
106,G,0.1054421768707483,-0.2532675319178838,0.013488587083481286,35.16,4,0,0
104,M,0.08095238095238096,-1.4236589002698337,0.01489171378859058,43.69,4,0,0
